
> backend@1.0.0 dev D:\REPOSITORY\Project\BookingApp\apps\backend
> dotenv -e ../../.env -- ts-node-dev --respawn src/index.ts

[INFO] 17:46:29 ts-node-dev ver. 2.0.0 (using ts-node ver. 10.9.2, typescript ver. 5.9.3)
[dotenv@17.2.3] injecting env (0) from ..\..\.env -- tip: 👥 sync secrets across teammates & machines: https://dotenvx.com/ops
Backend server is running on http://localhost:3001
Available endpoints:
  GET    http://localhost:3001/health
  POST   http://localhost:3001/api/auth/register
  POST   http://localhost:3001/api/auth/login
  POST   http://localhost:3001/api/auth/refresh
  GET    http://localhost:3001/api/auth/me
  GET    http://localhost:3001/api/properties
  GET    http://localhost:3001/api/properties/:id
  POST   http://localhost:3001/api/properties
  PUT    http://localhost:3001/api/properties/:id
  DELETE http://localhost:3001/api/properties/:id
  GET    http://localhost:3001/api/bookings
  GET    http://localhost:3001/api/bookings/my
  GET    http://localhost:3001/api/bookings/:id
  POST   http://localhost:3001/api/bookings
  PUT    http://localhost:3001/api/bookings/:id
  DELETE http://localhost:3001/api/bookings/:id
  POST   http://localhost:3001/api/bookings/:id/cancel
  POST   http://localhost:3001/api/bookings/:id/confirm
  POST   http://localhost:3001/api/bookings/:id/check-in
  POST   http://localhost:3001/api/bookings/:id/check-out
  POST   http://localhost:3001/api/cleanup/images
prisma:query SELECT `property`.`id`, `property`.`title`, `property`.`description`, `property`.`pricePerNight`, `property`.`address`, `property`.`imageUrl`, `property`.`ownerId`, `property`.`createdAt`, `property`.`updatedAt` FROM `property` WHERE 1=1
prisma:query SELECT `property`.`id`, `property`.`title`, `property`.`description`, `property`.`pricePerNight`, `property`.`address`, `property`.`imageUrl`, `property`.`ownerId`, `property`.`createdAt`, `property`.`updatedAt` FROM `property` WHERE 1=1
[VALIDATE] Validating body: {"name":"Property Tester","email":"prop-tester-901355@example.com","password":"password123"}
[VALIDATE] Validation passed
17:57:15 [[32minfo[39m]: Registration attempt {"service":"booking-app","context":"AUTH","email":"prop-tester-901355@example.com"}
[REPOSITORY] Finding user by email: prop-tester-901355@example.com
[VALIDATE] Validating body: {"name":"login-335204","email":"login-335204@example.com","password":"password123"}
[VALIDATE] Validation passed
17:57:15 [[32minfo[39m]: Registration attempt {"service":"booking-app","context":"AUTH","email":"login-335204@example.com"}
[REPOSITORY] Finding user by email: login-335204@example.com
prisma:query SELECT `user`.`id`, `user`.`email`, `user`.`name`, `user`.`password`, `user`.`createdAt`, `user`.`role`, `user`.`updatedAt` FROM `user` WHERE (`user`.`email` = ? AND 1=1) LIMIT ? OFFSET ?
[REPOSITORY] User not found: prop-tester-901355@example.com
prisma:query SELECT `user`.`id`, `user`.`email`, `user`.`name`, `user`.`password`, `user`.`createdAt`, `user`.`role`, `user`.`updatedAt` FROM `user` WHERE (`user`.`email` = ? AND 1=1) LIMIT ? OFFSET ?
[REPOSITORY] User not found: login-335204@example.com
[VALIDATE] Validating body: {"name":"Booking Tester","email":"book-625764@example.com","password":"password123"}
[VALIDATE] Validation passed
17:57:15 [[32minfo[39m]: Registration attempt {"service":"booking-app","context":"AUTH","email":"book-625764@example.com"}
[REPOSITORY] Finding user by email: book-625764@example.com
prisma:query SELECT `user`.`id`, `user`.`email`, `user`.`name`, `user`.`password`, `user`.`createdAt`, `user`.`role`, `user`.`updatedAt` FROM `user` WHERE (`user`.`email` = ? AND 1=1) LIMIT ? OFFSET ?
[REPOSITORY] User not found: book-625764@example.com
[VALIDATE] Validating body: {"name":"Property Tester","email":"prop-tester-91416@example.com","password":"password123"}
[VALIDATE] Validation passed
17:57:15 [[32minfo[39m]: Registration attempt {"service":"booking-app","context":"AUTH","email":"prop-tester-91416@example.com"}
[REPOSITORY] Finding user by email: prop-tester-91416@example.com
prisma:query SELECT `user`.`id`, `user`.`email`, `user`.`name`, `user`.`password`, `user`.`createdAt`, `user`.`role`, `user`.`updatedAt` FROM `user` WHERE (`user`.`email` = ? AND 1=1) LIMIT ? OFFSET ?
[REPOSITORY] User not found: prop-tester-91416@example.com
[REPOSITORY] Creating user: login-335204@example.com
[REPOSITORY] Creating user: prop-tester-901355@example.com
prisma:query INSERT INTO `user` (`id`,`email`,`name`,`password`,`createdAt`,`role`,`updatedAt`) VALUES (?,?,?,?,?,?,?)
prisma:query INSERT INTO `user` (`id`,`email`,`name`,`password`,`createdAt`,`role`,`updatedAt`) VALUES (?,?,?,?,?,?,?)
prisma:query SELECT `user`.`id`, `user`.`email`, `user`.`name`, `user`.`password`, `user`.`createdAt`, `user`.`role`, `user`.`updatedAt` FROM `user` WHERE `user`.`id` = ? LIMIT ? OFFSET ?
prisma:query SELECT `user`.`id`, `user`.`email`, `user`.`name`, `user`.`password`, `user`.`createdAt`, `user`.`role`, `user`.`updatedAt` FROM `user` WHERE `user`.`id` = ? LIMIT ? OFFSET ?
prisma:query COMMIT
[REPOSITORY] User created: 867a2499-3355-4182-a8af-e66c06637485
17:57:15 [[32minfo[39m]: User created successfully {"service":"booking-app","context":"AUTH","userId":"867a2499-3355-4182-a8af-e66c06637485","email":"login-335204@example.com"}
17:57:15 [[32minfo[39m]: Creating refresh token {"service":"booking-app","context":"AUTH","userId":"867a2499-3355-4182-a8af-e66c06637485"}
[REFRESH_REPO] Creating refresh token for user: 867a2499-3355-4182-a8af-e66c06637485
prisma:query COMMIT
[REPOSITORY] User created: eb4136f6-89a8-455d-9273-7763c00c64f1
17:57:15 [[32minfo[39m]: User created successfully {"service":"booking-app","context":"AUTH","userId":"eb4136f6-89a8-455d-9273-7763c00c64f1","email":"prop-tester-901355@example.com"}
17:57:15 [[32minfo[39m]: Creating refresh token {"service":"booking-app","context":"AUTH","userId":"eb4136f6-89a8-455d-9273-7763c00c64f1"}
[REFRESH_REPO] Creating refresh token for user: eb4136f6-89a8-455d-9273-7763c00c64f1
prisma:query INSERT INTO `refreshtoken` (`id`,`token`,`userId`,`expiresAt`,`createdAt`) VALUES (?,?,?,?,?)
prisma:query INSERT INTO `refreshtoken` (`id`,`token`,`userId`,`expiresAt`,`createdAt`) VALUES (?,?,?,?,?)
prisma:query SELECT `refreshtoken`.`id`, `refreshtoken`.`token`, `refreshtoken`.`userId`, `refreshtoken`.`expiresAt`, `refreshtoken`.`createdAt` FROM `refreshtoken` WHERE `refreshtoken`.`id` = ? LIMIT ? OFFSET ?
prisma:query SELECT `refreshtoken`.`id`, `refreshtoken`.`token`, `refreshtoken`.`userId`, `refreshtoken`.`expiresAt`, `refreshtoken`.`createdAt` FROM `refreshtoken` WHERE `refreshtoken`.`id` = ? LIMIT ? OFFSET ?
prisma:query COMMIT
[REFRESH_REPO] Refresh token created: 8822c5e4-60af-4265-acdf-7b04babae19a
17:57:15 [[32minfo[39m]: Refresh token created {"service":"booking-app","context":"AUTH","userId":"867a2499-3355-4182-a8af-e66c06637485"}
17:57:15 [[32minfo[39m]: Registration successful {"service":"booking-app","context":"AUTH","email":"login-335204@example.com","userId":"867a2499-3355-4182-a8af-e66c06637485"}
prisma:query COMMIT
[REFRESH_REPO] Refresh token created: 1717e693-2b92-4a5c-8865-acd0ea802f70
17:57:15 [[32minfo[39m]: Refresh token created {"service":"booking-app","context":"AUTH","userId":"eb4136f6-89a8-455d-9273-7763c00c64f1"}
17:57:15 [[32minfo[39m]: Registration successful {"service":"booking-app","context":"AUTH","email":"prop-tester-901355@example.com","userId":"eb4136f6-89a8-455d-9273-7763c00c64f1"}
[REPOSITORY] Creating user: prop-tester-91416@example.com
[REPOSITORY] Creating user: book-625764@example.com
prisma:query INSERT INTO `user` (`id`,`email`,`name`,`password`,`createdAt`,`role`,`updatedAt`) VALUES (?,?,?,?,?,?,?)
prisma:query INSERT INTO `user` (`id`,`email`,`name`,`password`,`createdAt`,`role`,`updatedAt`) VALUES (?,?,?,?,?,?,?)
prisma:query SELECT `user`.`id`, `user`.`email`, `user`.`name`, `user`.`password`, `user`.`createdAt`, `user`.`role`, `user`.`updatedAt` FROM `user` WHERE `user`.`id` = ? LIMIT ? OFFSET ?
prisma:query SELECT `user`.`id`, `user`.`email`, `user`.`name`, `user`.`password`, `user`.`createdAt`, `user`.`role`, `user`.`updatedAt` FROM `user` WHERE `user`.`id` = ? LIMIT ? OFFSET ?
prisma:query COMMIT
[REPOSITORY] User created: b3b84f76-e390-43f0-8ac5-e3401cc152cc
17:57:15 [[32minfo[39m]: User created successfully {"service":"booking-app","context":"AUTH","userId":"b3b84f76-e390-43f0-8ac5-e3401cc152cc","email":"prop-tester-91416@example.com"}
17:57:15 [[32minfo[39m]: Creating refresh token {"service":"booking-app","context":"AUTH","userId":"b3b84f76-e390-43f0-8ac5-e3401cc152cc"}
[REFRESH_REPO] Creating refresh token for user: b3b84f76-e390-43f0-8ac5-e3401cc152cc
prisma:query COMMIT
[REPOSITORY] User created: 73632866-e5bf-4740-855d-32ef6fe04caa
17:57:15 [[32minfo[39m]: User created successfully {"service":"booking-app","context":"AUTH","userId":"73632866-e5bf-4740-855d-32ef6fe04caa","email":"book-625764@example.com"}
17:57:15 [[32minfo[39m]: Creating refresh token {"service":"booking-app","context":"AUTH","userId":"73632866-e5bf-4740-855d-32ef6fe04caa"}
[REFRESH_REPO] Creating refresh token for user: 73632866-e5bf-4740-855d-32ef6fe04caa
prisma:query INSERT INTO `refreshtoken` (`id`,`token`,`userId`,`expiresAt`,`createdAt`) VALUES (?,?,?,?,?)
prisma:query INSERT INTO `refreshtoken` (`id`,`token`,`userId`,`expiresAt`,`createdAt`) VALUES (?,?,?,?,?)
prisma:query SELECT `refreshtoken`.`id`, `refreshtoken`.`token`, `refreshtoken`.`userId`, `refreshtoken`.`expiresAt`, `refreshtoken`.`createdAt` FROM `refreshtoken` WHERE `refreshtoken`.`id` = ? LIMIT ? OFFSET ?
prisma:query SELECT `refreshtoken`.`id`, `refreshtoken`.`token`, `refreshtoken`.`userId`, `refreshtoken`.`expiresAt`, `refreshtoken`.`createdAt` FROM `refreshtoken` WHERE `refreshtoken`.`id` = ? LIMIT ? OFFSET ?
prisma:query COMMIT
[REFRESH_REPO] Refresh token created: 1c6918a8-5471-4210-b338-5e265e5aedeb
17:57:15 [[32minfo[39m]: Refresh token created {"service":"booking-app","context":"AUTH","userId":"b3b84f76-e390-43f0-8ac5-e3401cc152cc"}
17:57:15 [[32minfo[39m]: Registration successful {"service":"booking-app","context":"AUTH","email":"prop-tester-91416@example.com","userId":"b3b84f76-e390-43f0-8ac5-e3401cc152cc"}
prisma:query COMMIT
[REFRESH_REPO] Refresh token created: 566147d3-84b2-42d5-be3a-34e99f095d51
17:57:15 [[32minfo[39m]: Refresh token created {"service":"booking-app","context":"AUTH","userId":"73632866-e5bf-4740-855d-32ef6fe04caa"}
17:57:15 [[32minfo[39m]: Registration successful {"service":"booking-app","context":"AUTH","email":"book-625764@example.com","userId":"73632866-e5bf-4740-855d-32ef6fe04caa"}
prisma:query SELECT `property`.`id`, `property`.`title`, `property`.`description`, `property`.`pricePerNight`, `property`.`address`, `property`.`imageUrl`, `property`.`ownerId`, `property`.`createdAt`, `property`.`updatedAt` FROM `property` WHERE 1=1
prisma:query SELECT `property`.`id`, `property`.`title`, `property`.`description`, `property`.`pricePerNight`, `property`.`address`, `property`.`imageUrl`, `property`.`ownerId`, `property`.`createdAt`, `property`.`updatedAt` FROM `property` WHERE 1=1
prisma:query SELECT `property`.`id`, `property`.`title`, `property`.`description`, `property`.`pricePerNight`, `property`.`address`, `property`.`imageUrl`, `property`.`ownerId`, `property`.`createdAt`, `property`.`updatedAt` FROM `property` WHERE 1=1
prisma:query SELECT `property`.`id`, `property`.`title`, `property`.`description`, `property`.`pricePerNight`, `property`.`address`, `property`.`imageUrl`, `property`.`ownerId`, `property`.`createdAt`, `property`.`updatedAt` FROM `property` WHERE 1=1
prisma:query SELECT `property`.`id`, `property`.`title`, `property`.`description`, `property`.`pricePerNight`, `property`.`address`, `property`.`imageUrl`, `property`.`ownerId`, `property`.`createdAt`, `property`.`updatedAt` FROM `property` WHERE 1=1
prisma:query SELECT `property`.`id`, `property`.`title`, `property`.`description`, `property`.`pricePerNight`, `property`.`address`, `property`.`imageUrl`, `property`.`ownerId`, `property`.`createdAt`, `property`.`updatedAt` FROM `property` WHERE 1=1
[REPOSITORY] Finding user by id: 867a2499-3355-4182-a8af-e66c06637485
prisma:query SELECT `user`.`id`, `user`.`email`, `user`.`name`, `user`.`password`, `user`.`createdAt`, `user`.`role`, `user`.`updatedAt` FROM `user` WHERE (`user`.`id` = ? AND 1=1) LIMIT ? OFFSET ?
17:57:15 [[32minfo[39m]: Get me successful {"service":"booking-app","userId":"867a2499-3355-4182-a8af-e66c06637485","userEmail":"login-335204@example.com","userRole":"USER","context":"AUTH","email":"login-335204@example.com"}
[VALIDATE] Validating body: {"email":"login-335204@example.com","password":"password123"}
[VALIDATE] Validation passed
17:57:16 [[32minfo[39m]: Login attempt {"service":"booking-app","context":"AUTH","email":"login-335204@example.com"}
[REPOSITORY] Finding user by email: login-335204@example.com
prisma:query SELECT `user`.`id`, `user`.`email`, `user`.`name`, `user`.`password`, `user`.`createdAt`, `user`.`role`, `user`.`updatedAt` FROM `user` WHERE (`user`.`email` = ? AND 1=1) LIMIT ? OFFSET ?
[REPOSITORY] User found: 867a2499-3355-4182-a8af-e66c06637485
17:57:16 [[32minfo[39m]: Login successful {"service":"booking-app","context":"AUTH","userId":"867a2499-3355-4182-a8af-e66c06637485","email":"login-335204@example.com"}
17:57:16 [[32minfo[39m]: Creating refresh token {"service":"booking-app","context":"AUTH","userId":"867a2499-3355-4182-a8af-e66c06637485"}
[REFRESH_REPO] Creating refresh token for user: 867a2499-3355-4182-a8af-e66c06637485
prisma:query INSERT INTO `refreshtoken` (`id`,`token`,`userId`,`expiresAt`,`createdAt`) VALUES (?,?,?,?,?)
prisma:query SELECT `refreshtoken`.`id`, `refreshtoken`.`token`, `refreshtoken`.`userId`, `refreshtoken`.`expiresAt`, `refreshtoken`.`createdAt` FROM `refreshtoken` WHERE `refreshtoken`.`id` = ? LIMIT ? OFFSET ?
prisma:query COMMIT
[REFRESH_REPO] Refresh token created: f06a6914-0e9d-464a-a7ca-cd440608eab4
17:57:16 [[32minfo[39m]: Refresh token created {"service":"booking-app","context":"AUTH","userId":"867a2499-3355-4182-a8af-e66c06637485"}
17:57:16 [[32minfo[39m]: Login successful {"service":"booking-app","context":"AUTH","email":"login-335204@example.com","userId":"867a2499-3355-4182-a8af-e66c06637485"}
17:57:16 [[32minfo[39m]: Creating property {"service":"booking-app","userId":"eb4136f6-89a8-455d-9273-7763c00c64f1","userEmail":"prop-tester-901355@example.com","userRole":"USER","context":"PROPERTY","title":"Villa-30276","ownerId":"eb4136f6-89a8-455d-9273-7763c00c64f1"}
prisma:query SELECT `property`.`id`, `property`.`title`, `property`.`description`, `property`.`pricePerNight`, `property`.`address`, `property`.`imageUrl`, `property`.`ownerId`, `property`.`createdAt`, `property`.`updatedAt` FROM `property` WHERE (`property`.`id` = ? AND 1=1) LIMIT ? OFFSET ?
prisma:query INSERT INTO `property` (`id`,`title`,`description`,`pricePerNight`,`address`,`imageUrl`,`ownerId`,`createdAt`,`updatedAt`) VALUES (?,?,?,?,?,?,?,?,?)
prisma:query SELECT `property`.`id`, `property`.`title`, `property`.`description`, `property`.`pricePerNight`, `property`.`address`, `property`.`imageUrl`, `property`.`ownerId`, `property`.`createdAt`, `property`.`updatedAt` FROM `property` WHERE `property`.`id` = ? LIMIT ? OFFSET ?
prisma:query COMMIT
17:57:16 [[32minfo[39m]: Property created successfully {"service":"booking-app","userId":"eb4136f6-89a8-455d-9273-7763c00c64f1","userEmail":"prop-tester-901355@example.com","userRole":"USER","context":"PROPERTY","propertyId":"cd2ad876-6112-4049-b91b-dbf8341fe513","title":"Villa-30276"}
17:57:16 [[32minfo[39m]: Creating property {"service":"booking-app","userId":"b3b84f76-e390-43f0-8ac5-e3401cc152cc","userEmail":"prop-tester-91416@example.com","userRole":"USER","context":"PROPERTY","title":"Villa-716960","ownerId":"b3b84f76-e390-43f0-8ac5-e3401cc152cc"}
prisma:query SELECT `property`.`id`, `property`.`title`, `property`.`description`, `property`.`pricePerNight`, `property`.`address`, `property`.`imageUrl`, `property`.`ownerId`, `property`.`createdAt`, `property`.`updatedAt` FROM `property` WHERE (`property`.`id` = ? AND 1=1) LIMIT ? OFFSET ?
prisma:query INSERT INTO `property` (`id`,`title`,`description`,`pricePerNight`,`address`,`imageUrl`,`ownerId`,`createdAt`,`updatedAt`) VALUES (?,?,?,?,?,?,?,?,?)
prisma:query SELECT `property`.`id`, `property`.`title`, `property`.`description`, `property`.`pricePerNight`, `property`.`address`, `property`.`imageUrl`, `property`.`ownerId`, `property`.`createdAt`, `property`.`updatedAt` FROM `property` WHERE `property`.`id` = ? LIMIT ? OFFSET ?
prisma:query COMMIT
17:57:16 [[32minfo[39m]: Property created successfully {"service":"booking-app","userId":"b3b84f76-e390-43f0-8ac5-e3401cc152cc","userEmail":"prop-tester-91416@example.com","userRole":"USER","context":"PROPERTY","propertyId":"8ef3614c-b6d8-4829-a3fb-3c56787594b3","title":"Villa-716960"}
prisma:query SELECT `property`.`id`, `property`.`title`, `property`.`description`, `property`.`pricePerNight`, `property`.`address`, `property`.`imageUrl`, `property`.`ownerId`, `property`.`createdAt`, `property`.`updatedAt` FROM `property` WHERE 1=1
prisma:query SELECT `property`.`id`, `property`.`title`, `property`.`description`, `property`.`pricePerNight`, `property`.`address`, `property`.`imageUrl`, `property`.`ownerId`, `property`.`createdAt`, `property`.`updatedAt` FROM `property` WHERE 1=1
[VALIDATE] Validating body: {"name":"reg-750210","email":"reg-750210@example.com","password":"password123"}
[VALIDATE] Validation passed
17:57:16 [[32minfo[39m]: Registration attempt {"service":"booking-app","context":"AUTH","email":"reg-750210@example.com"}
[REPOSITORY] Finding user by email: reg-750210@example.com
prisma:query SELECT `user`.`id`, `user`.`email`, `user`.`name`, `user`.`password`, `user`.`createdAt`, `user`.`role`, `user`.`updatedAt` FROM `user` WHERE (`user`.`email` = ? AND 1=1) LIMIT ? OFFSET ?
[REPOSITORY] User not found: reg-750210@example.com
[REPOSITORY] Creating user: reg-750210@example.com
prisma:query INSERT INTO `user` (`id`,`email`,`name`,`password`,`createdAt`,`role`,`updatedAt`) VALUES (?,?,?,?,?,?,?)
prisma:query SELECT `user`.`id`, `user`.`email`, `user`.`name`, `user`.`password`, `user`.`createdAt`, `user`.`role`, `user`.`updatedAt` FROM `user` WHERE `user`.`id` = ? LIMIT ? OFFSET ?
prisma:query COMMIT
[REPOSITORY] User created: b2c380b9-c5fd-4ea1-82bc-9c9dbaee3d59
17:57:16 [[32minfo[39m]: User created successfully {"service":"booking-app","context":"AUTH","userId":"b2c380b9-c5fd-4ea1-82bc-9c9dbaee3d59","email":"reg-750210@example.com"}
17:57:16 [[32minfo[39m]: Creating refresh token {"service":"booking-app","context":"AUTH","userId":"b2c380b9-c5fd-4ea1-82bc-9c9dbaee3d59"}
[REFRESH_REPO] Creating refresh token for user: b2c380b9-c5fd-4ea1-82bc-9c9dbaee3d59
prisma:query INSERT INTO `refreshtoken` (`id`,`token`,`userId`,`expiresAt`,`createdAt`) VALUES (?,?,?,?,?)
prisma:query SELECT `refreshtoken`.`id`, `refreshtoken`.`token`, `refreshtoken`.`userId`, `refreshtoken`.`expiresAt`, `refreshtoken`.`createdAt` FROM `refreshtoken` WHERE `refreshtoken`.`id` = ? LIMIT ? OFFSET ?
prisma:query COMMIT
[REFRESH_REPO] Refresh token created: 81ca8e69-6051-4c6d-a4df-470dde104dd8
17:57:16 [[32minfo[39m]: Refresh token created {"service":"booking-app","context":"AUTH","userId":"b2c380b9-c5fd-4ea1-82bc-9c9dbaee3d59"}
17:57:16 [[32minfo[39m]: Registration successful {"service":"booking-app","context":"AUTH","email":"reg-750210@example.com","userId":"b2c380b9-c5fd-4ea1-82bc-9c9dbaee3d59"}
[VALIDATE] Validating body: {"name":"Booking Tester","email":"book-652987@example.com","password":"password123"}
[VALIDATE] Validation passed
17:57:17 [[32minfo[39m]: Registration attempt {"service":"booking-app","context":"AUTH","email":"book-652987@example.com"}
[REPOSITORY] Finding user by email: book-652987@example.com
prisma:query SELECT `user`.`id`, `user`.`email`, `user`.`name`, `user`.`password`, `user`.`createdAt`, `user`.`role`, `user`.`updatedAt` FROM `user` WHERE (`user`.`email` = ? AND 1=1) LIMIT ? OFFSET ?
[REPOSITORY] User not found: book-652987@example.com
[REPOSITORY] Creating user: book-652987@example.com
prisma:query INSERT INTO `user` (`id`,`email`,`name`,`password`,`createdAt`,`role`,`updatedAt`) VALUES (?,?,?,?,?,?,?)
prisma:query SELECT `user`.`id`, `user`.`email`, `user`.`name`, `user`.`password`, `user`.`createdAt`, `user`.`role`, `user`.`updatedAt` FROM `user` WHERE `user`.`id` = ? LIMIT ? OFFSET ?
prisma:query COMMIT
[REPOSITORY] User created: 8a32e37b-39cb-4491-bc80-cb93802edbf7
17:57:17 [[32minfo[39m]: User created successfully {"service":"booking-app","context":"AUTH","userId":"8a32e37b-39cb-4491-bc80-cb93802edbf7","email":"book-652987@example.com"}
17:57:17 [[32minfo[39m]: Creating refresh token {"service":"booking-app","context":"AUTH","userId":"8a32e37b-39cb-4491-bc80-cb93802edbf7"}
[REFRESH_REPO] Creating refresh token for user: 8a32e37b-39cb-4491-bc80-cb93802edbf7
prisma:query INSERT INTO `refreshtoken` (`id`,`token`,`userId`,`expiresAt`,`createdAt`) VALUES (?,?,?,?,?)
prisma:query SELECT `refreshtoken`.`id`, `refreshtoken`.`token`, `refreshtoken`.`userId`, `refreshtoken`.`expiresAt`, `refreshtoken`.`createdAt` FROM `refreshtoken` WHERE `refreshtoken`.`id` = ? LIMIT ? OFFSET ?
prisma:query COMMIT
[REFRESH_REPO] Refresh token created: 51b7124e-7388-4aef-b09f-8d9fa3e63204
17:57:17 [[32minfo[39m]: Refresh token created {"service":"booking-app","context":"AUTH","userId":"8a32e37b-39cb-4491-bc80-cb93802edbf7"}
17:57:17 [[32minfo[39m]: Registration successful {"service":"booking-app","context":"AUTH","email":"book-652987@example.com","userId":"8a32e37b-39cb-4491-bc80-cb93802edbf7"}
[VALIDATE] Validating body: {"name":"login-312735","email":"login-312735@example.com","password":"password123"}
[VALIDATE] Validation passed
17:57:18 [[32minfo[39m]: Registration attempt {"service":"booking-app","context":"AUTH","email":"login-312735@example.com"}
[REPOSITORY] Finding user by email: login-312735@example.com
prisma:query SELECT `user`.`id`, `user`.`email`, `user`.`name`, `user`.`password`, `user`.`createdAt`, `user`.`role`, `user`.`updatedAt` FROM `user` WHERE (`user`.`email` = ? AND 1=1) LIMIT ? OFFSET ?
[REPOSITORY] User not found: login-312735@example.com
[REPOSITORY] Creating user: login-312735@example.com
prisma:query INSERT INTO `user` (`id`,`email`,`name`,`password`,`createdAt`,`role`,`updatedAt`) VALUES (?,?,?,?,?,?,?)
prisma:query SELECT `user`.`id`, `user`.`email`, `user`.`name`, `user`.`password`, `user`.`createdAt`, `user`.`role`, `user`.`updatedAt` FROM `user` WHERE `user`.`id` = ? LIMIT ? OFFSET ?
prisma:query COMMIT
[REPOSITORY] User created: fc285c9d-0019-4681-ab9e-d921e9102dfc
17:57:18 [[32minfo[39m]: User created successfully {"service":"booking-app","context":"AUTH","userId":"fc285c9d-0019-4681-ab9e-d921e9102dfc","email":"login-312735@example.com"}
17:57:18 [[32minfo[39m]: Creating refresh token {"service":"booking-app","context":"AUTH","userId":"fc285c9d-0019-4681-ab9e-d921e9102dfc"}
[REFRESH_REPO] Creating refresh token for user: fc285c9d-0019-4681-ab9e-d921e9102dfc
prisma:query INSERT INTO `refreshtoken` (`id`,`token`,`userId`,`expiresAt`,`createdAt`) VALUES (?,?,?,?,?)
prisma:query SELECT `refreshtoken`.`id`, `refreshtoken`.`token`, `refreshtoken`.`userId`, `refreshtoken`.`expiresAt`, `refreshtoken`.`createdAt` FROM `refreshtoken` WHERE `refreshtoken`.`id` = ? LIMIT ? OFFSET ?
prisma:query COMMIT
[REFRESH_REPO] Refresh token created: e82f3a9e-64d0-4548-bf3d-3a1dbbe36080
17:57:18 [[32minfo[39m]: Refresh token created {"service":"booking-app","context":"AUTH","userId":"fc285c9d-0019-4681-ab9e-d921e9102dfc"}
17:57:18 [[32minfo[39m]: Registration successful {"service":"booking-app","context":"AUTH","email":"login-312735@example.com","userId":"fc285c9d-0019-4681-ab9e-d921e9102dfc"}
prisma:query SELECT `property`.`id`, `property`.`title`, `property`.`description`, `property`.`pricePerNight`, `property`.`address`, `property`.`imageUrl`, `property`.`ownerId`, `property`.`createdAt`, `property`.`updatedAt` FROM `property` WHERE 1=1
prisma:query SELECT `property`.`id`, `property`.`title`, `property`.`description`, `property`.`pricePerNight`, `property`.`address`, `property`.`imageUrl`, `property`.`ownerId`, `property`.`createdAt`, `property`.`updatedAt` FROM `property` WHERE 1=1
prisma:query SELECT `property`.`id`, `property`.`title`, `property`.`description`, `property`.`pricePerNight`, `property`.`address`, `property`.`imageUrl`, `property`.`ownerId`, `property`.`createdAt`, `property`.`updatedAt` FROM `property` WHERE 1=1
[VALIDATE] Validating body: {"name":"","email":"reg-622348@example.com","password":"password123"}
[VALIDATE] Validation failed for body: [{"origin":"string","code":"too_small","minimum":2,"inclusive":true,"path":["name"],"message":"Name must be at least 2 characters"}]
[VALIDATE] Validating body: {"name":"","email":"login-92336@example.com","password":"password123"}
[VALIDATE] Validation failed for body: [{"origin":"string","code":"too_small","minimum":2,"inclusive":true,"path":["name"],"message":"Name must be at least 2 characters"}]
[VALIDATE] Validating body: {"name":"","email":"book-193264@example.com","password":"password123"}
[VALIDATE] Validation failed for body: [{"origin":"string","code":"too_small","minimum":2,"inclusive":true,"path":["name"],"message":"Name must be at least 2 characters"}]
[REPOSITORY] Finding user by id: fc285c9d-0019-4681-ab9e-d921e9102dfc
prisma:query SELECT `user`.`id`, `user`.`email`, `user`.`name`, `user`.`password`, `user`.`createdAt`, `user`.`role`, `user`.`updatedAt` FROM `user` WHERE (`user`.`id` = ? AND 1=1) LIMIT ? OFFSET ?
17:57:20 [[32minfo[39m]: Get me successful {"service":"booking-app","userId":"fc285c9d-0019-4681-ab9e-d921e9102dfc","userEmail":"login-312735@example.com","userRole":"USER","context":"AUTH","email":"login-312735@example.com"}
[VALIDATE] Validating body: {"email":"login-312735@example.com","password":"password123"}
[VALIDATE] Validation passed
17:57:20 [[32minfo[39m]: Login attempt {"service":"booking-app","context":"AUTH","email":"login-312735@example.com"}
[REPOSITORY] Finding user by email: login-312735@example.com
prisma:query SELECT `user`.`id`, `user`.`email`, `user`.`name`, `user`.`password`, `user`.`createdAt`, `user`.`role`, `user`.`updatedAt` FROM `user` WHERE (`user`.`email` = ? AND 1=1) LIMIT ? OFFSET ?
[REPOSITORY] User found: fc285c9d-0019-4681-ab9e-d921e9102dfc
17:57:20 [[32minfo[39m]: Login successful {"service":"booking-app","context":"AUTH","userId":"fc285c9d-0019-4681-ab9e-d921e9102dfc","email":"login-312735@example.com"}
17:57:20 [[32minfo[39m]: Creating refresh token {"service":"booking-app","context":"AUTH","userId":"fc285c9d-0019-4681-ab9e-d921e9102dfc"}
[REFRESH_REPO] Creating refresh token for user: fc285c9d-0019-4681-ab9e-d921e9102dfc
prisma:query INSERT INTO `refreshtoken` (`id`,`token`,`userId`,`expiresAt`,`createdAt`) VALUES (?,?,?,?,?)
prisma:query SELECT `refreshtoken`.`id`, `refreshtoken`.`token`, `refreshtoken`.`userId`, `refreshtoken`.`expiresAt`, `refreshtoken`.`createdAt` FROM `refreshtoken` WHERE `refreshtoken`.`id` = ? LIMIT ? OFFSET ?
prisma:query COMMIT
[REFRESH_REPO] Refresh token created: 37ddac9e-e398-4338-96b2-25d93decddca
17:57:20 [[32minfo[39m]: Refresh token created {"service":"booking-app","context":"AUTH","userId":"fc285c9d-0019-4681-ab9e-d921e9102dfc"}
17:57:20 [[32minfo[39m]: Login successful {"service":"booking-app","context":"AUTH","email":"login-312735@example.com","userId":"fc285c9d-0019-4681-ab9e-d921e9102dfc"}
prisma:query SELECT `property`.`id`, `property`.`title`, `property`.`description`, `property`.`pricePerNight`, `property`.`address`, `property`.`imageUrl`, `property`.`ownerId`, `property`.`createdAt`, `property`.`updatedAt` FROM `property` WHERE 1=1
[VALIDATE] Validating body: {"name":"Property Tester","email":"prop-tester-119194@example.com","password":"password123"}
[VALIDATE] Validation passed
17:57:21 [[32minfo[39m]: Registration attempt {"service":"booking-app","context":"AUTH","email":"prop-tester-119194@example.com"}
[REPOSITORY] Finding user by email: prop-tester-119194@example.com
prisma:query SELECT `user`.`id`, `user`.`email`, `user`.`name`, `user`.`password`, `user`.`createdAt`, `user`.`role`, `user`.`updatedAt` FROM `user` WHERE (`user`.`email` = ? AND 1=1) LIMIT ? OFFSET ?
[REPOSITORY] User not found: prop-tester-119194@example.com
[REPOSITORY] Creating user: prop-tester-119194@example.com
prisma:query INSERT INTO `user` (`id`,`email`,`name`,`password`,`createdAt`,`role`,`updatedAt`) VALUES (?,?,?,?,?,?,?)
prisma:query SELECT `user`.`id`, `user`.`email`, `user`.`name`, `user`.`password`, `user`.`createdAt`, `user`.`role`, `user`.`updatedAt` FROM `user` WHERE `user`.`id` = ? LIMIT ? OFFSET ?
prisma:query SELECT `property`.`id`, `property`.`title`, `property`.`description`, `property`.`pricePerNight`, `property`.`address`, `property`.`imageUrl`, `property`.`ownerId`, `property`.`createdAt`, `property`.`updatedAt` FROM `property` WHERE 1=1
prisma:query COMMIT
[REPOSITORY] User created: 22764be3-8391-4f47-bbac-55251ccd65eb
17:57:21 [[32minfo[39m]: User created successfully {"service":"booking-app","context":"AUTH","userId":"22764be3-8391-4f47-bbac-55251ccd65eb","email":"prop-tester-119194@example.com"}
17:57:21 [[32minfo[39m]: Creating refresh token {"service":"booking-app","context":"AUTH","userId":"22764be3-8391-4f47-bbac-55251ccd65eb"}
[REFRESH_REPO] Creating refresh token for user: 22764be3-8391-4f47-bbac-55251ccd65eb
prisma:query SELECT `property`.`id`, `property`.`title`, `property`.`description`, `property`.`pricePerNight`, `property`.`address`, `property`.`imageUrl`, `property`.`ownerId`, `property`.`createdAt`, `property`.`updatedAt` FROM `property` WHERE 1=1
prisma:query INSERT INTO `refreshtoken` (`id`,`token`,`userId`,`expiresAt`,`createdAt`) VALUES (?,?,?,?,?)
prisma:query SELECT `refreshtoken`.`id`, `refreshtoken`.`token`, `refreshtoken`.`userId`, `refreshtoken`.`expiresAt`, `refreshtoken`.`createdAt` FROM `refreshtoken` WHERE `refreshtoken`.`id` = ? LIMIT ? OFFSET ?
prisma:query COMMIT
[REFRESH_REPO] Refresh token created: 878fe898-0bc5-4c96-922f-d1a28939d817
17:57:21 [[32minfo[39m]: Refresh token created {"service":"booking-app","context":"AUTH","userId":"22764be3-8391-4f47-bbac-55251ccd65eb"}
17:57:21 [[32minfo[39m]: Registration successful {"service":"booking-app","context":"AUTH","email":"prop-tester-119194@example.com","userId":"22764be3-8391-4f47-bbac-55251ccd65eb"}
prisma:query SELECT `property`.`id`, `property`.`title`, `property`.`description`, `property`.`pricePerNight`, `property`.`address`, `property`.`imageUrl`, `property`.`ownerId`, `property`.`createdAt`, `property`.`updatedAt` FROM `property` WHERE 1=1
prisma:query SELECT `property`.`id`, `property`.`title`, `property`.`description`, `property`.`pricePerNight`, `property`.`address`, `property`.`imageUrl`, `property`.`ownerId`, `property`.`createdAt`, `property`.`updatedAt` FROM `property` WHERE 1=1
[VALIDATE] Validating body: {"name":"Property Tester","email":"prop-tester-444967@example.com","password":"password123"}
[VALIDATE] Validation passed
17:57:21 [[32minfo[39m]: Registration attempt {"service":"booking-app","context":"AUTH","email":"prop-tester-444967@example.com"}
[REPOSITORY] Finding user by email: prop-tester-444967@example.com
prisma:query SELECT `user`.`id`, `user`.`email`, `user`.`name`, `user`.`password`, `user`.`createdAt`, `user`.`role`, `user`.`updatedAt` FROM `user` WHERE (`user`.`email` = ? AND 1=1) LIMIT ? OFFSET ?
[REPOSITORY] User not found: prop-tester-444967@example.com
[REPOSITORY] Creating user: prop-tester-444967@example.com
prisma:query INSERT INTO `user` (`id`,`email`,`name`,`password`,`createdAt`,`role`,`updatedAt`) VALUES (?,?,?,?,?,?,?)
prisma:query SELECT `user`.`id`, `user`.`email`, `user`.`name`, `user`.`password`, `user`.`createdAt`, `user`.`role`, `user`.`updatedAt` FROM `user` WHERE `user`.`id` = ? LIMIT ? OFFSET ?
prisma:query COMMIT
[REPOSITORY] User created: bbd83aed-b484-4552-bac0-a5eb56e53424
17:57:21 [[32minfo[39m]: User created successfully {"service":"booking-app","context":"AUTH","userId":"bbd83aed-b484-4552-bac0-a5eb56e53424","email":"prop-tester-444967@example.com"}
17:57:21 [[32minfo[39m]: Creating refresh token {"service":"booking-app","context":"AUTH","userId":"bbd83aed-b484-4552-bac0-a5eb56e53424"}
[REFRESH_REPO] Creating refresh token for user: bbd83aed-b484-4552-bac0-a5eb56e53424
prisma:query INSERT INTO `refreshtoken` (`id`,`token`,`userId`,`expiresAt`,`createdAt`) VALUES (?,?,?,?,?)
prisma:query SELECT `refreshtoken`.`id`, `refreshtoken`.`token`, `refreshtoken`.`userId`, `refreshtoken`.`expiresAt`, `refreshtoken`.`createdAt` FROM `refreshtoken` WHERE `refreshtoken`.`id` = ? LIMIT ? OFFSET ?
prisma:query COMMIT
[REFRESH_REPO] Refresh token created: c74ecaa3-4e5c-4c02-8f7a-9fc57a3234a5
17:57:21 [[32minfo[39m]: Refresh token created {"service":"booking-app","context":"AUTH","userId":"bbd83aed-b484-4552-bac0-a5eb56e53424"}
17:57:21 [[32minfo[39m]: Registration successful {"service":"booking-app","context":"AUTH","email":"prop-tester-444967@example.com","userId":"bbd83aed-b484-4552-bac0-a5eb56e53424"}
prisma:query SELECT `property`.`id`, `property`.`title`, `property`.`description`, `property`.`pricePerNight`, `property`.`address`, `property`.`imageUrl`, `property`.`ownerId`, `property`.`createdAt`, `property`.`updatedAt` FROM `property` WHERE 1=1
prisma:query SELECT `property`.`id`, `property`.`title`, `property`.`description`, `property`.`pricePerNight`, `property`.`address`, `property`.`imageUrl`, `property`.`ownerId`, `property`.`createdAt`, `property`.`updatedAt` FROM `property` WHERE 1=1
17:57:22 [[32minfo[39m]: Creating property {"service":"booking-app","userId":"22764be3-8391-4f47-bbac-55251ccd65eb","userEmail":"prop-tester-119194@example.com","userRole":"USER","context":"PROPERTY","title":"Villa-645530","ownerId":"22764be3-8391-4f47-bbac-55251ccd65eb"}
prisma:query SELECT `property`.`id`, `property`.`title`, `property`.`description`, `property`.`pricePerNight`, `property`.`address`, `property`.`imageUrl`, `property`.`ownerId`, `property`.`createdAt`, `property`.`updatedAt` FROM `property` WHERE (`property`.`id` = ? AND 1=1) LIMIT ? OFFSET ?
prisma:query INSERT INTO `property` (`id`,`title`,`description`,`pricePerNight`,`address`,`imageUrl`,`ownerId`,`createdAt`,`updatedAt`) VALUES (?,?,?,?,?,?,?,?,?)
prisma:query SELECT `property`.`id`, `property`.`title`, `property`.`description`, `property`.`pricePerNight`, `property`.`address`, `property`.`imageUrl`, `property`.`ownerId`, `property`.`createdAt`, `property`.`updatedAt` FROM `property` WHERE `property`.`id` = ? LIMIT ? OFFSET ?
prisma:query COMMIT
17:57:22 [[32minfo[39m]: Property created successfully {"service":"booking-app","userId":"22764be3-8391-4f47-bbac-55251ccd65eb","userEmail":"prop-tester-119194@example.com","userRole":"USER","context":"PROPERTY","propertyId":"15b3cb94-b16f-4055-a5db-49a6f1e654f4","title":"Villa-645530"}
[VALIDATE] Validating body: {"name":"","email":"prop-tester-853280@example.com","password":"password123"}
[VALIDATE] Validation failed for body: [{"origin":"string","code":"too_small","minimum":2,"inclusive":true,"path":["name"],"message":"Name must be at least 2 characters"}]
17:57:22 [[32minfo[39m]: Creating property {"service":"booking-app","userId":"bbd83aed-b484-4552-bac0-a5eb56e53424","userEmail":"prop-tester-444967@example.com","userRole":"USER","context":"PROPERTY","title":"Villa-324532","ownerId":"bbd83aed-b484-4552-bac0-a5eb56e53424"}
prisma:query SELECT `property`.`id`, `property`.`title`, `property`.`description`, `property`.`pricePerNight`, `property`.`address`, `property`.`imageUrl`, `property`.`ownerId`, `property`.`createdAt`, `property`.`updatedAt` FROM `property` WHERE (`property`.`id` = ? AND 1=1) LIMIT ? OFFSET ?
prisma:query INSERT INTO `property` (`id`,`title`,`description`,`pricePerNight`,`address`,`imageUrl`,`ownerId`,`createdAt`,`updatedAt`) VALUES (?,?,?,?,?,?,?,?,?)
prisma:query SELECT `property`.`id`, `property`.`title`, `property`.`description`, `property`.`pricePerNight`, `property`.`address`, `property`.`imageUrl`, `property`.`ownerId`, `property`.`createdAt`, `property`.`updatedAt` FROM `property` WHERE `property`.`id` = ? LIMIT ? OFFSET ?
prisma:query COMMIT
17:57:22 [[32minfo[39m]: Property created successfully {"service":"booking-app","userId":"bbd83aed-b484-4552-bac0-a5eb56e53424","userEmail":"prop-tester-444967@example.com","userRole":"USER","context":"PROPERTY","propertyId":"82d7c166-20e5-4898-bc72-6e8236dfac4c","title":"Villa-324532"}
[VALIDATE] Validating body: {"name":"","email":"prop-tester-353773@example.com","password":"password123"}
[VALIDATE] Validation failed for body: [{"origin":"string","code":"too_small","minimum":2,"inclusive":true,"path":["name"],"message":"Name must be at least 2 characters"}]
prisma:query SELECT `property`.`id`, `property`.`title`, `property`.`description`, `property`.`pricePerNight`, `property`.`address`, `property`.`imageUrl`, `property`.`ownerId`, `property`.`createdAt`, `property`.`updatedAt` FROM `property` WHERE 1=1
prisma:query SELECT `property`.`id`, `property`.`title`, `property`.`description`, `property`.`pricePerNight`, `property`.`address`, `property`.`imageUrl`, `property`.`ownerId`, `property`.`createdAt`, `property`.`updatedAt` FROM `property` WHERE 1=1
[VALIDATE] Validating body: {"name":"reg-698292","email":"reg-698292@example.com","password":"password123"}
[VALIDATE] Validation passed
17:59:11 [[32minfo[39m]: Registration attempt {"service":"booking-app","context":"AUTH","email":"reg-698292@example.com"}
[REPOSITORY] Finding user by email: reg-698292@example.com
prisma:query SELECT `user`.`id`, `user`.`email`, `user`.`name`, `user`.`password`, `user`.`createdAt`, `user`.`role`, `user`.`updatedAt` FROM `user` WHERE (`user`.`email` = ? AND 1=1) LIMIT ? OFFSET ?
[REPOSITORY] User not found: reg-698292@example.com
[VALIDATE] Validating body: {"name":"Property Tester","email":"prop-tester-758862@example.com","password":"password123"}
[VALIDATE] Validation passed
17:59:11 [[32minfo[39m]: Registration attempt {"service":"booking-app","context":"AUTH","email":"prop-tester-758862@example.com"}
[REPOSITORY] Finding user by email: prop-tester-758862@example.com
prisma:query SELECT `user`.`id`, `user`.`email`, `user`.`name`, `user`.`password`, `user`.`createdAt`, `user`.`role`, `user`.`updatedAt` FROM `user` WHERE (`user`.`email` = ? AND 1=1) LIMIT ? OFFSET ?
[REPOSITORY] User not found: prop-tester-758862@example.com
[VALIDATE] Validating body: {"name":"login-434101","email":"login-434101@example.com","password":"password123"}
[VALIDATE] Validation passed
17:59:11 [[32minfo[39m]: Registration attempt {"service":"booking-app","context":"AUTH","email":"login-434101@example.com"}
[REPOSITORY] Finding user by email: login-434101@example.com
[VALIDATE] Validating body: {"name":"Booking Tester","email":"book-450707@example.com","password":"password123"}
[VALIDATE] Validation passed
17:59:11 [[32minfo[39m]: Registration attempt {"service":"booking-app","context":"AUTH","email":"book-450707@example.com"}
[REPOSITORY] Finding user by email: book-450707@example.com
prisma:query SELECT `user`.`id`, `user`.`email`, `user`.`name`, `user`.`password`, `user`.`createdAt`, `user`.`role`, `user`.`updatedAt` FROM `user` WHERE (`user`.`email` = ? AND 1=1) LIMIT ? OFFSET ?
[REPOSITORY] User not found: login-434101@example.com
prisma:query SELECT `user`.`id`, `user`.`email`, `user`.`name`, `user`.`password`, `user`.`createdAt`, `user`.`role`, `user`.`updatedAt` FROM `user` WHERE (`user`.`email` = ? AND 1=1) LIMIT ? OFFSET ?
[REPOSITORY] User not found: book-450707@example.com
[VALIDATE] Validating body: {"name":"Property Tester","email":"prop-tester-168350@example.com","password":"password123"}
[VALIDATE] Validation passed
17:59:11 [[32minfo[39m]: Registration attempt {"service":"booking-app","context":"AUTH","email":"prop-tester-168350@example.com"}
[REPOSITORY] Finding user by email: prop-tester-168350@example.com
prisma:query SELECT `user`.`id`, `user`.`email`, `user`.`name`, `user`.`password`, `user`.`createdAt`, `user`.`role`, `user`.`updatedAt` FROM `user` WHERE (`user`.`email` = ? AND 1=1) LIMIT ? OFFSET ?
[REPOSITORY] User not found: prop-tester-168350@example.com
[REPOSITORY] Creating user: reg-698292@example.com
[REPOSITORY] Creating user: prop-tester-758862@example.com
prisma:query INSERT INTO `user` (`id`,`email`,`name`,`password`,`createdAt`,`role`,`updatedAt`) VALUES (?,?,?,?,?,?,?)
prisma:query INSERT INTO `user` (`id`,`email`,`name`,`password`,`createdAt`,`role`,`updatedAt`) VALUES (?,?,?,?,?,?,?)
prisma:query SELECT `user`.`id`, `user`.`email`, `user`.`name`, `user`.`password`, `user`.`createdAt`, `user`.`role`, `user`.`updatedAt` FROM `user` WHERE `user`.`id` = ? LIMIT ? OFFSET ?
prisma:query SELECT `user`.`id`, `user`.`email`, `user`.`name`, `user`.`password`, `user`.`createdAt`, `user`.`role`, `user`.`updatedAt` FROM `user` WHERE `user`.`id` = ? LIMIT ? OFFSET ?
prisma:query COMMIT
[REPOSITORY] User created: 14332ebd-d422-44e8-bd94-a53c96be53e5
17:59:11 [[32minfo[39m]: User created successfully {"service":"booking-app","context":"AUTH","userId":"14332ebd-d422-44e8-bd94-a53c96be53e5","email":"reg-698292@example.com"}
17:59:11 [[32minfo[39m]: Creating refresh token {"service":"booking-app","context":"AUTH","userId":"14332ebd-d422-44e8-bd94-a53c96be53e5"}
[REFRESH_REPO] Creating refresh token for user: 14332ebd-d422-44e8-bd94-a53c96be53e5
prisma:query COMMIT
[REPOSITORY] User created: b43d7709-510f-41c4-957d-936056236197
17:59:11 [[32minfo[39m]: User created successfully {"service":"booking-app","context":"AUTH","userId":"b43d7709-510f-41c4-957d-936056236197","email":"prop-tester-758862@example.com"}
17:59:11 [[32minfo[39m]: Creating refresh token {"service":"booking-app","context":"AUTH","userId":"b43d7709-510f-41c4-957d-936056236197"}
[REFRESH_REPO] Creating refresh token for user: b43d7709-510f-41c4-957d-936056236197
prisma:query INSERT INTO `refreshtoken` (`id`,`token`,`userId`,`expiresAt`,`createdAt`) VALUES (?,?,?,?,?)
prisma:query INSERT INTO `refreshtoken` (`id`,`token`,`userId`,`expiresAt`,`createdAt`) VALUES (?,?,?,?,?)
prisma:query SELECT `refreshtoken`.`id`, `refreshtoken`.`token`, `refreshtoken`.`userId`, `refreshtoken`.`expiresAt`, `refreshtoken`.`createdAt` FROM `refreshtoken` WHERE `refreshtoken`.`id` = ? LIMIT ? OFFSET ?
prisma:query SELECT `refreshtoken`.`id`, `refreshtoken`.`token`, `refreshtoken`.`userId`, `refreshtoken`.`expiresAt`, `refreshtoken`.`createdAt` FROM `refreshtoken` WHERE `refreshtoken`.`id` = ? LIMIT ? OFFSET ?
[REPOSITORY] Creating user: book-450707@example.com
prisma:query COMMIT
[REFRESH_REPO] Refresh token created: 79d619d5-040c-4fea-b574-ef7aca0ed529
17:59:11 [[32minfo[39m]: Refresh token created {"service":"booking-app","context":"AUTH","userId":"14332ebd-d422-44e8-bd94-a53c96be53e5"}
17:59:11 [[32minfo[39m]: Registration successful {"service":"booking-app","context":"AUTH","email":"reg-698292@example.com","userId":"14332ebd-d422-44e8-bd94-a53c96be53e5"}
[REPOSITORY] Creating user: login-434101@example.com
prisma:query COMMIT
[REFRESH_REPO] Refresh token created: 0fed9e5f-97aa-4dd2-abfb-9975c80a8dad
17:59:11 [[32minfo[39m]: Refresh token created {"service":"booking-app","context":"AUTH","userId":"b43d7709-510f-41c4-957d-936056236197"}
17:59:11 [[32minfo[39m]: Registration successful {"service":"booking-app","context":"AUTH","email":"prop-tester-758862@example.com","userId":"b43d7709-510f-41c4-957d-936056236197"}
prisma:query INSERT INTO `user` (`id`,`email`,`name`,`password`,`createdAt`,`role`,`updatedAt`) VALUES (?,?,?,?,?,?,?)
prisma:query SELECT `user`.`id`, `user`.`email`, `user`.`name`, `user`.`password`, `user`.`createdAt`, `user`.`role`, `user`.`updatedAt` FROM `user` WHERE `user`.`id` = ? LIMIT ? OFFSET ?
prisma:query INSERT INTO `user` (`id`,`email`,`name`,`password`,`createdAt`,`role`,`updatedAt`) VALUES (?,?,?,?,?,?,?)
prisma:query SELECT `user`.`id`, `user`.`email`, `user`.`name`, `user`.`password`, `user`.`createdAt`, `user`.`role`, `user`.`updatedAt` FROM `user` WHERE `user`.`id` = ? LIMIT ? OFFSET ?
prisma:query COMMIT
[REPOSITORY] User created: 2b546efd-1648-4727-94f1-c8c278e14660
17:59:11 [[32minfo[39m]: User created successfully {"service":"booking-app","context":"AUTH","userId":"2b546efd-1648-4727-94f1-c8c278e14660","email":"book-450707@example.com"}
17:59:11 [[32minfo[39m]: Creating refresh token {"service":"booking-app","context":"AUTH","userId":"2b546efd-1648-4727-94f1-c8c278e14660"}
[REFRESH_REPO] Creating refresh token for user: 2b546efd-1648-4727-94f1-c8c278e14660
prisma:query COMMIT
[REPOSITORY] User created: 168069fd-d11f-414a-90dc-0ce1ff6df731
17:59:11 [[32minfo[39m]: User created successfully {"service":"booking-app","context":"AUTH","userId":"168069fd-d11f-414a-90dc-0ce1ff6df731","email":"login-434101@example.com"}
17:59:11 [[32minfo[39m]: Creating refresh token {"service":"booking-app","context":"AUTH","userId":"168069fd-d11f-414a-90dc-0ce1ff6df731"}
[REFRESH_REPO] Creating refresh token for user: 168069fd-d11f-414a-90dc-0ce1ff6df731
prisma:query INSERT INTO `refreshtoken` (`id`,`token`,`userId`,`expiresAt`,`createdAt`) VALUES (?,?,?,?,?)
prisma:query SELECT `refreshtoken`.`id`, `refreshtoken`.`token`, `refreshtoken`.`userId`, `refreshtoken`.`expiresAt`, `refreshtoken`.`createdAt` FROM `refreshtoken` WHERE `refreshtoken`.`id` = ? LIMIT ? OFFSET ?
prisma:query INSERT INTO `refreshtoken` (`id`,`token`,`userId`,`expiresAt`,`createdAt`) VALUES (?,?,?,?,?)
prisma:query SELECT `refreshtoken`.`id`, `refreshtoken`.`token`, `refreshtoken`.`userId`, `refreshtoken`.`expiresAt`, `refreshtoken`.`createdAt` FROM `refreshtoken` WHERE `refreshtoken`.`id` = ? LIMIT ? OFFSET ?
prisma:query COMMIT
[REFRESH_REPO] Refresh token created: 2fde6400-8bfc-4582-80d9-f9081519f17c
17:59:11 [[32minfo[39m]: Refresh token created {"service":"booking-app","context":"AUTH","userId":"2b546efd-1648-4727-94f1-c8c278e14660"}
17:59:11 [[32minfo[39m]: Registration successful {"service":"booking-app","context":"AUTH","email":"book-450707@example.com","userId":"2b546efd-1648-4727-94f1-c8c278e14660"}
prisma:query COMMIT
[REFRESH_REPO] Refresh token created: 5247018d-0819-4df0-a9f8-d49b2bd24162
17:59:11 [[32minfo[39m]: Refresh token created {"service":"booking-app","context":"AUTH","userId":"168069fd-d11f-414a-90dc-0ce1ff6df731"}
17:59:11 [[32minfo[39m]: Registration successful {"service":"booking-app","context":"AUTH","email":"login-434101@example.com","userId":"168069fd-d11f-414a-90dc-0ce1ff6df731"}
[REPOSITORY] Creating user: prop-tester-168350@example.com
prisma:query INSERT INTO `user` (`id`,`email`,`name`,`password`,`createdAt`,`role`,`updatedAt`) VALUES (?,?,?,?,?,?,?)
prisma:query SELECT `user`.`id`, `user`.`email`, `user`.`name`, `user`.`password`, `user`.`createdAt`, `user`.`role`, `user`.`updatedAt` FROM `user` WHERE `user`.`id` = ? LIMIT ? OFFSET ?
prisma:query COMMIT
[REPOSITORY] User created: 8d886524-c3fe-4e71-bd33-0a89056ba673
17:59:11 [[32minfo[39m]: User created successfully {"service":"booking-app","context":"AUTH","userId":"8d886524-c3fe-4e71-bd33-0a89056ba673","email":"prop-tester-168350@example.com"}
17:59:11 [[32minfo[39m]: Creating refresh token {"service":"booking-app","context":"AUTH","userId":"8d886524-c3fe-4e71-bd33-0a89056ba673"}
[REFRESH_REPO] Creating refresh token for user: 8d886524-c3fe-4e71-bd33-0a89056ba673
prisma:query INSERT INTO `refreshtoken` (`id`,`token`,`userId`,`expiresAt`,`createdAt`) VALUES (?,?,?,?,?)
prisma:query SELECT `refreshtoken`.`id`, `refreshtoken`.`token`, `refreshtoken`.`userId`, `refreshtoken`.`expiresAt`, `refreshtoken`.`createdAt` FROM `refreshtoken` WHERE `refreshtoken`.`id` = ? LIMIT ? OFFSET ?
prisma:query COMMIT
[REFRESH_REPO] Refresh token created: 8f6384b5-5f1f-4a2f-8f15-9ddda2f0d2e5
17:59:11 [[32minfo[39m]: Refresh token created {"service":"booking-app","context":"AUTH","userId":"8d886524-c3fe-4e71-bd33-0a89056ba673"}
17:59:11 [[32minfo[39m]: Registration successful {"service":"booking-app","context":"AUTH","email":"prop-tester-168350@example.com","userId":"8d886524-c3fe-4e71-bd33-0a89056ba673"}
prisma:query SELECT `property`.`id`, `property`.`title`, `property`.`description`, `property`.`pricePerNight`, `property`.`address`, `property`.`imageUrl`, `property`.`ownerId`, `property`.`createdAt`, `property`.`updatedAt` FROM `property` WHERE 1=1
prisma:query SELECT `property`.`id`, `property`.`title`, `property`.`description`, `property`.`pricePerNight`, `property`.`address`, `property`.`imageUrl`, `property`.`ownerId`, `property`.`createdAt`, `property`.`updatedAt` FROM `property` WHERE 1=1
prisma:query SELECT `property`.`id`, `property`.`title`, `property`.`description`, `property`.`pricePerNight`, `property`.`address`, `property`.`imageUrl`, `property`.`ownerId`, `property`.`createdAt`, `property`.`updatedAt` FROM `property` WHERE 1=1
prisma:query SELECT `property`.`id`, `property`.`title`, `property`.`description`, `property`.`pricePerNight`, `property`.`address`, `property`.`imageUrl`, `property`.`ownerId`, `property`.`createdAt`, `property`.`updatedAt` FROM `property` WHERE 1=1
prisma:query SELECT `property`.`id`, `property`.`title`, `property`.`description`, `property`.`pricePerNight`, `property`.`address`, `property`.`imageUrl`, `property`.`ownerId`, `property`.`createdAt`, `property`.`updatedAt` FROM `property` WHERE 1=1
prisma:query SELECT `property`.`id`, `property`.`title`, `property`.`description`, `property`.`pricePerNight`, `property`.`address`, `property`.`imageUrl`, `property`.`ownerId`, `property`.`createdAt`, `property`.`updatedAt` FROM `property` WHERE 1=1
17:59:12 [[32minfo[39m]: Creating property {"service":"booking-app","userId":"b43d7709-510f-41c4-957d-936056236197","userEmail":"prop-tester-758862@example.com","userRole":"USER","context":"PROPERTY","title":"Villa-274231","ownerId":"b43d7709-510f-41c4-957d-936056236197"}
prisma:query SELECT `property`.`id`, `property`.`title`, `property`.`description`, `property`.`pricePerNight`, `property`.`address`, `property`.`imageUrl`, `property`.`ownerId`, `property`.`createdAt`, `property`.`updatedAt` FROM `property` WHERE (`property`.`id` = ? AND 1=1) LIMIT ? OFFSET ?
prisma:query INSERT INTO `property` (`id`,`title`,`description`,`pricePerNight`,`address`,`imageUrl`,`ownerId`,`createdAt`,`updatedAt`) VALUES (?,?,?,?,?,?,?,?,?)
prisma:query SELECT `property`.`id`, `property`.`title`, `property`.`description`, `property`.`pricePerNight`, `property`.`address`, `property`.`imageUrl`, `property`.`ownerId`, `property`.`createdAt`, `property`.`updatedAt` FROM `property` WHERE `property`.`id` = ? LIMIT ? OFFSET ?
prisma:query COMMIT
17:59:12 [[32minfo[39m]: Property created successfully {"service":"booking-app","userId":"b43d7709-510f-41c4-957d-936056236197","userEmail":"prop-tester-758862@example.com","userRole":"USER","context":"PROPERTY","propertyId":"3b181976-ded1-4d59-b3cd-86a006ae3ad2","title":"Villa-274231"}
[REPOSITORY] Finding user by id: 168069fd-d11f-414a-90dc-0ce1ff6df731
prisma:query SELECT `user`.`id`, `user`.`email`, `user`.`name`, `user`.`password`, `user`.`createdAt`, `user`.`role`, `user`.`updatedAt` FROM `user` WHERE (`user`.`id` = ? AND 1=1) LIMIT ? OFFSET ?
17:59:12 [[32minfo[39m]: Get me successful {"service":"booking-app","userId":"168069fd-d11f-414a-90dc-0ce1ff6df731","userEmail":"login-434101@example.com","userRole":"USER","context":"AUTH","email":"login-434101@example.com"}
17:59:12 [[32minfo[39m]: Creating property {"service":"booking-app","userId":"8d886524-c3fe-4e71-bd33-0a89056ba673","userEmail":"prop-tester-168350@example.com","userRole":"USER","context":"PROPERTY","title":"Villa-141018","ownerId":"8d886524-c3fe-4e71-bd33-0a89056ba673"}
prisma:query SELECT `property`.`id`, `property`.`title`, `property`.`description`, `property`.`pricePerNight`, `property`.`address`, `property`.`imageUrl`, `property`.`ownerId`, `property`.`createdAt`, `property`.`updatedAt` FROM `property` WHERE (`property`.`id` = ? AND 1=1) LIMIT ? OFFSET ?
prisma:query INSERT INTO `property` (`id`,`title`,`description`,`pricePerNight`,`address`,`imageUrl`,`ownerId`,`createdAt`,`updatedAt`) VALUES (?,?,?,?,?,?,?,?,?)
prisma:query SELECT `property`.`id`, `property`.`title`, `property`.`description`, `property`.`pricePerNight`, `property`.`address`, `property`.`imageUrl`, `property`.`ownerId`, `property`.`createdAt`, `property`.`updatedAt` FROM `property` WHERE `property`.`id` = ? LIMIT ? OFFSET ?
prisma:query COMMIT
17:59:12 [[32minfo[39m]: Property created successfully {"service":"booking-app","userId":"8d886524-c3fe-4e71-bd33-0a89056ba673","userEmail":"prop-tester-168350@example.com","userRole":"USER","context":"PROPERTY","propertyId":"f8eda0a4-566a-475a-8070-329354b5752b","title":"Villa-141018"}
[VALIDATE] Validating body: {"email":"login-434101@example.com","password":"password123"}
[VALIDATE] Validation passed
17:59:12 [[32minfo[39m]: Login attempt {"service":"booking-app","context":"AUTH","email":"login-434101@example.com"}
[REPOSITORY] Finding user by email: login-434101@example.com
prisma:query SELECT `user`.`id`, `user`.`email`, `user`.`name`, `user`.`password`, `user`.`createdAt`, `user`.`role`, `user`.`updatedAt` FROM `user` WHERE (`user`.`email` = ? AND 1=1) LIMIT ? OFFSET ?
[REPOSITORY] User found: 168069fd-d11f-414a-90dc-0ce1ff6df731
17:59:12 [[32minfo[39m]: Login successful {"service":"booking-app","context":"AUTH","userId":"168069fd-d11f-414a-90dc-0ce1ff6df731","email":"login-434101@example.com"}
17:59:12 [[32minfo[39m]: Creating refresh token {"service":"booking-app","context":"AUTH","userId":"168069fd-d11f-414a-90dc-0ce1ff6df731"}
[REFRESH_REPO] Creating refresh token for user: 168069fd-d11f-414a-90dc-0ce1ff6df731
prisma:query INSERT INTO `refreshtoken` (`id`,`token`,`userId`,`expiresAt`,`createdAt`) VALUES (?,?,?,?,?)
prisma:query SELECT `refreshtoken`.`id`, `refreshtoken`.`token`, `refreshtoken`.`userId`, `refreshtoken`.`expiresAt`, `refreshtoken`.`createdAt` FROM `refreshtoken` WHERE `refreshtoken`.`id` = ? LIMIT ? OFFSET ?
prisma:query COMMIT
[REFRESH_REPO] Refresh token created: 4a806f46-46ce-4958-a658-dc4c0670d572
17:59:12 [[32minfo[39m]: Refresh token created {"service":"booking-app","context":"AUTH","userId":"168069fd-d11f-414a-90dc-0ce1ff6df731"}
17:59:12 [[32minfo[39m]: Login successful {"service":"booking-app","context":"AUTH","email":"login-434101@example.com","userId":"168069fd-d11f-414a-90dc-0ce1ff6df731"}
[VALIDATE] Validating body: {"name":"Booking Tester","email":"book-516262@example.com","password":"password123"}
[VALIDATE] Validation passed
17:59:12 [[32minfo[39m]: Registration attempt {"service":"booking-app","context":"AUTH","email":"book-516262@example.com"}
[REPOSITORY] Finding user by email: book-516262@example.com
prisma:query SELECT `user`.`id`, `user`.`email`, `user`.`name`, `user`.`password`, `user`.`createdAt`, `user`.`role`, `user`.`updatedAt` FROM `user` WHERE (`user`.`email` = ? AND 1=1) LIMIT ? OFFSET ?
[REPOSITORY] User not found: book-516262@example.com
[REPOSITORY] Creating user: book-516262@example.com
prisma:query INSERT INTO `user` (`id`,`email`,`name`,`password`,`createdAt`,`role`,`updatedAt`) VALUES (?,?,?,?,?,?,?)
prisma:query SELECT `user`.`id`, `user`.`email`, `user`.`name`, `user`.`password`, `user`.`createdAt`, `user`.`role`, `user`.`updatedAt` FROM `user` WHERE `user`.`id` = ? LIMIT ? OFFSET ?
prisma:query COMMIT
[REPOSITORY] User created: 8eda143a-2a55-4109-9e0c-0c0dc317b897
17:59:12 [[32minfo[39m]: User created successfully {"service":"booking-app","context":"AUTH","userId":"8eda143a-2a55-4109-9e0c-0c0dc317b897","email":"book-516262@example.com"}
17:59:12 [[32minfo[39m]: Creating refresh token {"service":"booking-app","context":"AUTH","userId":"8eda143a-2a55-4109-9e0c-0c0dc317b897"}
[REFRESH_REPO] Creating refresh token for user: 8eda143a-2a55-4109-9e0c-0c0dc317b897
prisma:query INSERT INTO `refreshtoken` (`id`,`token`,`userId`,`expiresAt`,`createdAt`) VALUES (?,?,?,?,?)
prisma:query SELECT `refreshtoken`.`id`, `refreshtoken`.`token`, `refreshtoken`.`userId`, `refreshtoken`.`expiresAt`, `refreshtoken`.`createdAt` FROM `refreshtoken` WHERE `refreshtoken`.`id` = ? LIMIT ? OFFSET ?
prisma:query COMMIT
[REFRESH_REPO] Refresh token created: 33e14d2f-8ea5-4b19-8e76-20aef0b6fdf5
17:59:12 [[32minfo[39m]: Refresh token created {"service":"booking-app","context":"AUTH","userId":"8eda143a-2a55-4109-9e0c-0c0dc317b897"}
17:59:12 [[32minfo[39m]: Registration successful {"service":"booking-app","context":"AUTH","email":"book-516262@example.com","userId":"8eda143a-2a55-4109-9e0c-0c0dc317b897"}
prisma:query SELECT `property`.`id`, `property`.`title`, `property`.`description`, `property`.`pricePerNight`, `property`.`address`, `property`.`imageUrl`, `property`.`ownerId`, `property`.`createdAt`, `property`.`updatedAt` FROM `property` WHERE 1=1
prisma:query SELECT `property`.`id`, `property`.`title`, `property`.`description`, `property`.`pricePerNight`, `property`.`address`, `property`.`imageUrl`, `property`.`ownerId`, `property`.`createdAt`, `property`.`updatedAt` FROM `property` WHERE 1=1
[VALIDATE] Validating body: {"name":"reg-21097","email":"reg-21097@example.com","password":"password123"}
[VALIDATE] Validation passed
17:59:13 [[32minfo[39m]: Registration attempt {"service":"booking-app","context":"AUTH","email":"reg-21097@example.com"}
[REPOSITORY] Finding user by email: reg-21097@example.com
prisma:query SELECT `user`.`id`, `user`.`email`, `user`.`name`, `user`.`password`, `user`.`createdAt`, `user`.`role`, `user`.`updatedAt` FROM `user` WHERE (`user`.`email` = ? AND 1=1) LIMIT ? OFFSET ?
[REPOSITORY] User not found: reg-21097@example.com
[REPOSITORY] Creating user: reg-21097@example.com
prisma:query INSERT INTO `user` (`id`,`email`,`name`,`password`,`createdAt`,`role`,`updatedAt`) VALUES (?,?,?,?,?,?,?)
prisma:query SELECT `user`.`id`, `user`.`email`, `user`.`name`, `user`.`password`, `user`.`createdAt`, `user`.`role`, `user`.`updatedAt` FROM `user` WHERE `user`.`id` = ? LIMIT ? OFFSET ?
prisma:query COMMIT
[REPOSITORY] User created: 069303dc-3084-40d5-933c-f1b7028ec72f
17:59:13 [[32minfo[39m]: User created successfully {"service":"booking-app","context":"AUTH","userId":"069303dc-3084-40d5-933c-f1b7028ec72f","email":"reg-21097@example.com"}
17:59:13 [[32minfo[39m]: Creating refresh token {"service":"booking-app","context":"AUTH","userId":"069303dc-3084-40d5-933c-f1b7028ec72f"}
[REFRESH_REPO] Creating refresh token for user: 069303dc-3084-40d5-933c-f1b7028ec72f
prisma:query INSERT INTO `refreshtoken` (`id`,`token`,`userId`,`expiresAt`,`createdAt`) VALUES (?,?,?,?,?)
prisma:query SELECT `refreshtoken`.`id`, `refreshtoken`.`token`, `refreshtoken`.`userId`, `refreshtoken`.`expiresAt`, `refreshtoken`.`createdAt` FROM `refreshtoken` WHERE `refreshtoken`.`id` = ? LIMIT ? OFFSET ?
prisma:query COMMIT
[REFRESH_REPO] Refresh token created: 70efe620-71e9-4482-935b-e3c1a21bdde1
17:59:13 [[32minfo[39m]: Refresh token created {"service":"booking-app","context":"AUTH","userId":"069303dc-3084-40d5-933c-f1b7028ec72f"}
17:59:13 [[32minfo[39m]: Registration successful {"service":"booking-app","context":"AUTH","email":"reg-21097@example.com","userId":"069303dc-3084-40d5-933c-f1b7028ec72f"}
[VALIDATE] Validating body: {"name":"login-917838","email":"login-917838@example.com","password":"password123"}
[VALIDATE] Validation passed
17:59:13 [[32minfo[39m]: Registration attempt {"service":"booking-app","context":"AUTH","email":"login-917838@example.com"}
[REPOSITORY] Finding user by email: login-917838@example.com
prisma:query SELECT `user`.`id`, `user`.`email`, `user`.`name`, `user`.`password`, `user`.`createdAt`, `user`.`role`, `user`.`updatedAt` FROM `user` WHERE (`user`.`email` = ? AND 1=1) LIMIT ? OFFSET ?
[REPOSITORY] User not found: login-917838@example.com
[REPOSITORY] Creating user: login-917838@example.com
prisma:query INSERT INTO `user` (`id`,`email`,`name`,`password`,`createdAt`,`role`,`updatedAt`) VALUES (?,?,?,?,?,?,?)
prisma:query SELECT `user`.`id`, `user`.`email`, `user`.`name`, `user`.`password`, `user`.`createdAt`, `user`.`role`, `user`.`updatedAt` FROM `user` WHERE `user`.`id` = ? LIMIT ? OFFSET ?
prisma:query COMMIT
[REPOSITORY] User created: eefd526a-53bf-486d-a6b2-4f4d7d084e8e
17:59:13 [[32minfo[39m]: User created successfully {"service":"booking-app","context":"AUTH","userId":"eefd526a-53bf-486d-a6b2-4f4d7d084e8e","email":"login-917838@example.com"}
17:59:13 [[32minfo[39m]: Creating refresh token {"service":"booking-app","context":"AUTH","userId":"eefd526a-53bf-486d-a6b2-4f4d7d084e8e"}
[REFRESH_REPO] Creating refresh token for user: eefd526a-53bf-486d-a6b2-4f4d7d084e8e
prisma:query INSERT INTO `refreshtoken` (`id`,`token`,`userId`,`expiresAt`,`createdAt`) VALUES (?,?,?,?,?)
prisma:query SELECT `refreshtoken`.`id`, `refreshtoken`.`token`, `refreshtoken`.`userId`, `refreshtoken`.`expiresAt`, `refreshtoken`.`createdAt` FROM `refreshtoken` WHERE `refreshtoken`.`id` = ? LIMIT ? OFFSET ?
prisma:query COMMIT
[REFRESH_REPO] Refresh token created: 7ac6ee8b-d612-46ad-9834-19a4eb40e47a
17:59:13 [[32minfo[39m]: Refresh token created {"service":"booking-app","context":"AUTH","userId":"eefd526a-53bf-486d-a6b2-4f4d7d084e8e"}
17:59:13 [[32minfo[39m]: Registration successful {"service":"booking-app","context":"AUTH","email":"login-917838@example.com","userId":"eefd526a-53bf-486d-a6b2-4f4d7d084e8e"}
prisma:query SELECT `property`.`id`, `property`.`title`, `property`.`description`, `property`.`pricePerNight`, `property`.`address`, `property`.`imageUrl`, `property`.`ownerId`, `property`.`createdAt`, `property`.`updatedAt` FROM `property` WHERE 1=1
prisma:query SELECT `property`.`id`, `property`.`title`, `property`.`description`, `property`.`pricePerNight`, `property`.`address`, `property`.`imageUrl`, `property`.`ownerId`, `property`.`createdAt`, `property`.`updatedAt` FROM `property` WHERE 1=1
[REPOSITORY] Finding user by id: eefd526a-53bf-486d-a6b2-4f4d7d084e8e
prisma:query SELECT `user`.`id`, `user`.`email`, `user`.`name`, `user`.`password`, `user`.`createdAt`, `user`.`role`, `user`.`updatedAt` FROM `user` WHERE (`user`.`id` = ? AND 1=1) LIMIT ? OFFSET ?
17:59:14 [[32minfo[39m]: Get me successful {"service":"booking-app","userId":"eefd526a-53bf-486d-a6b2-4f4d7d084e8e","userEmail":"login-917838@example.com","userRole":"USER","context":"AUTH","email":"login-917838@example.com"}
[VALIDATE] Validating body: {"email":"login-917838@example.com","password":"password123"}
[VALIDATE] Validation passed
17:59:14 [[32minfo[39m]: Login attempt {"service":"booking-app","context":"AUTH","email":"login-917838@example.com"}
[REPOSITORY] Finding user by email: login-917838@example.com
prisma:query SELECT `user`.`id`, `user`.`email`, `user`.`name`, `user`.`password`, `user`.`createdAt`, `user`.`role`, `user`.`updatedAt` FROM `user` WHERE (`user`.`email` = ? AND 1=1) LIMIT ? OFFSET ?
[REPOSITORY] User found: eefd526a-53bf-486d-a6b2-4f4d7d084e8e
17:59:15 [[32minfo[39m]: Login successful {"service":"booking-app","context":"AUTH","userId":"eefd526a-53bf-486d-a6b2-4f4d7d084e8e","email":"login-917838@example.com"}
17:59:15 [[32minfo[39m]: Creating refresh token {"service":"booking-app","context":"AUTH","userId":"eefd526a-53bf-486d-a6b2-4f4d7d084e8e"}
[REFRESH_REPO] Creating refresh token for user: eefd526a-53bf-486d-a6b2-4f4d7d084e8e
prisma:query INSERT INTO `refreshtoken` (`id`,`token`,`userId`,`expiresAt`,`createdAt`) VALUES (?,?,?,?,?)
prisma:query SELECT `refreshtoken`.`id`, `refreshtoken`.`token`, `refreshtoken`.`userId`, `refreshtoken`.`expiresAt`, `refreshtoken`.`createdAt` FROM `refreshtoken` WHERE `refreshtoken`.`id` = ? LIMIT ? OFFSET ?
prisma:query COMMIT
[REFRESH_REPO] Refresh token created: fecf7907-9ada-4127-b69f-915c1ac73fd0
17:59:15 [[32minfo[39m]: Refresh token created {"service":"booking-app","context":"AUTH","userId":"eefd526a-53bf-486d-a6b2-4f4d7d084e8e"}
17:59:15 [[32minfo[39m]: Login successful {"service":"booking-app","context":"AUTH","email":"login-917838@example.com","userId":"eefd526a-53bf-486d-a6b2-4f4d7d084e8e"}
prisma:query SELECT `property`.`id`, `property`.`title`, `property`.`description`, `property`.`pricePerNight`, `property`.`address`, `property`.`imageUrl`, `property`.`ownerId`, `property`.`createdAt`, `property`.`updatedAt` FROM `property` WHERE 1=1
prisma:query SELECT `property`.`id`, `property`.`title`, `property`.`description`, `property`.`pricePerNight`, `property`.`address`, `property`.`imageUrl`, `property`.`ownerId`, `property`.`createdAt`, `property`.`updatedAt` FROM `property` WHERE 1=1
prisma:query SELECT `property`.`id`, `property`.`title`, `property`.`description`, `property`.`pricePerNight`, `property`.`address`, `property`.`imageUrl`, `property`.`ownerId`, `property`.`createdAt`, `property`.`updatedAt` FROM `property` WHERE 1=1
[VALIDATE] Validating body: {"name":"Property Tester","email":"prop-tester-582799@example.com","password":"password123"}
[VALIDATE] Validation passed
17:59:16 [[32minfo[39m]: Registration attempt {"service":"booking-app","context":"AUTH","email":"prop-tester-582799@example.com"}
[REPOSITORY] Finding user by email: prop-tester-582799@example.com
prisma:query SELECT `user`.`id`, `user`.`email`, `user`.`name`, `user`.`password`, `user`.`createdAt`, `user`.`role`, `user`.`updatedAt` FROM `user` WHERE (`user`.`email` = ? AND 1=1) LIMIT ? OFFSET ?
[REPOSITORY] User not found: prop-tester-582799@example.com
[REPOSITORY] Creating user: prop-tester-582799@example.com
prisma:query INSERT INTO `user` (`id`,`email`,`name`,`password`,`createdAt`,`role`,`updatedAt`) VALUES (?,?,?,?,?,?,?)
prisma:query SELECT `user`.`id`, `user`.`email`, `user`.`name`, `user`.`password`, `user`.`createdAt`, `user`.`role`, `user`.`updatedAt` FROM `user` WHERE `user`.`id` = ? LIMIT ? OFFSET ?
prisma:query COMMIT
[REPOSITORY] User created: 41369589-b3a6-4942-a247-ce089deec06a
17:59:16 [[32minfo[39m]: User created successfully {"service":"booking-app","context":"AUTH","userId":"41369589-b3a6-4942-a247-ce089deec06a","email":"prop-tester-582799@example.com"}
17:59:16 [[32minfo[39m]: Creating refresh token {"service":"booking-app","context":"AUTH","userId":"41369589-b3a6-4942-a247-ce089deec06a"}
[REFRESH_REPO] Creating refresh token for user: 41369589-b3a6-4942-a247-ce089deec06a
prisma:query INSERT INTO `refreshtoken` (`id`,`token`,`userId`,`expiresAt`,`createdAt`) VALUES (?,?,?,?,?)
prisma:query SELECT `refreshtoken`.`id`, `refreshtoken`.`token`, `refreshtoken`.`userId`, `refreshtoken`.`expiresAt`, `refreshtoken`.`createdAt` FROM `refreshtoken` WHERE `refreshtoken`.`id` = ? LIMIT ? OFFSET ?
prisma:query COMMIT
[REFRESH_REPO] Refresh token created: 902f5b82-0a90-4eb3-85c7-ac4f0bfa0182
17:59:16 [[32minfo[39m]: Refresh token created {"service":"booking-app","context":"AUTH","userId":"41369589-b3a6-4942-a247-ce089deec06a"}
17:59:16 [[32minfo[39m]: Registration successful {"service":"booking-app","context":"AUTH","email":"prop-tester-582799@example.com","userId":"41369589-b3a6-4942-a247-ce089deec06a"}
prisma:query SELECT `property`.`id`, `property`.`title`, `property`.`description`, `property`.`pricePerNight`, `property`.`address`, `property`.`imageUrl`, `property`.`ownerId`, `property`.`createdAt`, `property`.`updatedAt` FROM `property` WHERE 1=1
prisma:query SELECT `property`.`id`, `property`.`title`, `property`.`description`, `property`.`pricePerNight`, `property`.`address`, `property`.`imageUrl`, `property`.`ownerId`, `property`.`createdAt`, `property`.`updatedAt` FROM `property` WHERE 1=1
prisma:query SELECT `property`.`id`, `property`.`title`, `property`.`description`, `property`.`pricePerNight`, `property`.`address`, `property`.`imageUrl`, `property`.`ownerId`, `property`.`createdAt`, `property`.`updatedAt` FROM `property` WHERE 1=1
[VALIDATE] Validating body: {"name":"Property Tester","email":"prop-tester-45430@example.com","password":"password123"}
[VALIDATE] Validation passed
17:59:17 [[32minfo[39m]: Registration attempt {"service":"booking-app","context":"AUTH","email":"prop-tester-45430@example.com"}
[REPOSITORY] Finding user by email: prop-tester-45430@example.com
prisma:query SELECT `user`.`id`, `user`.`email`, `user`.`name`, `user`.`password`, `user`.`createdAt`, `user`.`role`, `user`.`updatedAt` FROM `user` WHERE (`user`.`email` = ? AND 1=1) LIMIT ? OFFSET ?
[REPOSITORY] User not found: prop-tester-45430@example.com
[REPOSITORY] Creating user: prop-tester-45430@example.com
prisma:query INSERT INTO `user` (`id`,`email`,`name`,`password`,`createdAt`,`role`,`updatedAt`) VALUES (?,?,?,?,?,?,?)
prisma:query SELECT `user`.`id`, `user`.`email`, `user`.`name`, `user`.`password`, `user`.`createdAt`, `user`.`role`, `user`.`updatedAt` FROM `user` WHERE `user`.`id` = ? LIMIT ? OFFSET ?
prisma:query COMMIT
[REPOSITORY] User created: 2efa4745-e7e1-499d-a83b-16d18e0e80f3
17:59:17 [[32minfo[39m]: User created successfully {"service":"booking-app","context":"AUTH","userId":"2efa4745-e7e1-499d-a83b-16d18e0e80f3","email":"prop-tester-45430@example.com"}
17:59:17 [[32minfo[39m]: Creating refresh token {"service":"booking-app","context":"AUTH","userId":"2efa4745-e7e1-499d-a83b-16d18e0e80f3"}
[REFRESH_REPO] Creating refresh token for user: 2efa4745-e7e1-499d-a83b-16d18e0e80f3
prisma:query INSERT INTO `refreshtoken` (`id`,`token`,`userId`,`expiresAt`,`createdAt`) VALUES (?,?,?,?,?)
prisma:query SELECT `refreshtoken`.`id`, `refreshtoken`.`token`, `refreshtoken`.`userId`, `refreshtoken`.`expiresAt`, `refreshtoken`.`createdAt` FROM `refreshtoken` WHERE `refreshtoken`.`id` = ? LIMIT ? OFFSET ?
prisma:query COMMIT
[REFRESH_REPO] Refresh token created: dfd7e7c1-a893-4fbd-8072-063ce1cb7899
17:59:17 [[32minfo[39m]: Refresh token created {"service":"booking-app","context":"AUTH","userId":"2efa4745-e7e1-499d-a83b-16d18e0e80f3"}
17:59:17 [[32minfo[39m]: Registration successful {"service":"booking-app","context":"AUTH","email":"prop-tester-45430@example.com","userId":"2efa4745-e7e1-499d-a83b-16d18e0e80f3"}
prisma:query SELECT `property`.`id`, `property`.`title`, `property`.`description`, `property`.`pricePerNight`, `property`.`address`, `property`.`imageUrl`, `property`.`ownerId`, `property`.`createdAt`, `property`.`updatedAt` FROM `property` WHERE 1=1
prisma:query SELECT `property`.`id`, `property`.`title`, `property`.`description`, `property`.`pricePerNight`, `property`.`address`, `property`.`imageUrl`, `property`.`ownerId`, `property`.`createdAt`, `property`.`updatedAt` FROM `property` WHERE 1=1
17:59:17 [[32minfo[39m]: Creating property {"service":"booking-app","userId":"41369589-b3a6-4942-a247-ce089deec06a","userEmail":"prop-tester-582799@example.com","userRole":"USER","context":"PROPERTY","title":"Villa-665416","ownerId":"41369589-b3a6-4942-a247-ce089deec06a"}
prisma:query SELECT `property`.`id`, `property`.`title`, `property`.`description`, `property`.`pricePerNight`, `property`.`address`, `property`.`imageUrl`, `property`.`ownerId`, `property`.`createdAt`, `property`.`updatedAt` FROM `property` WHERE (`property`.`id` = ? AND 1=1) LIMIT ? OFFSET ?
prisma:query INSERT INTO `property` (`id`,`title`,`description`,`pricePerNight`,`address`,`imageUrl`,`ownerId`,`createdAt`,`updatedAt`) VALUES (?,?,?,?,?,?,?,?,?)
prisma:query SELECT `property`.`id`, `property`.`title`, `property`.`description`, `property`.`pricePerNight`, `property`.`address`, `property`.`imageUrl`, `property`.`ownerId`, `property`.`createdAt`, `property`.`updatedAt` FROM `property` WHERE `property`.`id` = ? LIMIT ? OFFSET ?
prisma:query COMMIT
17:59:17 [[32minfo[39m]: Property created successfully {"service":"booking-app","userId":"41369589-b3a6-4942-a247-ce089deec06a","userEmail":"prop-tester-582799@example.com","userRole":"USER","context":"PROPERTY","propertyId":"b96dc48a-e502-42c6-9365-2cb7cb76ff73","title":"Villa-665416"}
[VALIDATE] Validating body: {"name":"Property Tester","email":"prop-tester-198523@example.com","password":"password123"}
[VALIDATE] Validation passed
17:59:18 [[32minfo[39m]: Registration attempt {"service":"booking-app","context":"AUTH","email":"prop-tester-198523@example.com"}
[REPOSITORY] Finding user by email: prop-tester-198523@example.com
prisma:query SELECT `user`.`id`, `user`.`email`, `user`.`name`, `user`.`password`, `user`.`createdAt`, `user`.`role`, `user`.`updatedAt` FROM `user` WHERE (`user`.`email` = ? AND 1=1) LIMIT ? OFFSET ?
[REPOSITORY] User not found: prop-tester-198523@example.com
17:59:18 [[32minfo[39m]: Creating property {"service":"booking-app","userId":"2efa4745-e7e1-499d-a83b-16d18e0e80f3","userEmail":"prop-tester-45430@example.com","userRole":"USER","context":"PROPERTY","title":"Villa-405797","ownerId":"2efa4745-e7e1-499d-a83b-16d18e0e80f3"}
prisma:query SELECT `property`.`id`, `property`.`title`, `property`.`description`, `property`.`pricePerNight`, `property`.`address`, `property`.`imageUrl`, `property`.`ownerId`, `property`.`createdAt`, `property`.`updatedAt` FROM `property` WHERE (`property`.`id` = ? AND 1=1) LIMIT ? OFFSET ?
prisma:query INSERT INTO `property` (`id`,`title`,`description`,`pricePerNight`,`address`,`imageUrl`,`ownerId`,`createdAt`,`updatedAt`) VALUES (?,?,?,?,?,?,?,?,?)
prisma:query SELECT `property`.`id`, `property`.`title`, `property`.`description`, `property`.`pricePerNight`, `property`.`address`, `property`.`imageUrl`, `property`.`ownerId`, `property`.`createdAt`, `property`.`updatedAt` FROM `property` WHERE `property`.`id` = ? LIMIT ? OFFSET ?
prisma:query COMMIT
17:59:18 [[32minfo[39m]: Property created successfully {"service":"booking-app","userId":"2efa4745-e7e1-499d-a83b-16d18e0e80f3","userEmail":"prop-tester-45430@example.com","userRole":"USER","context":"PROPERTY","propertyId":"d32b3bb6-d736-45f1-8bd5-688a3fad6897","title":"Villa-405797"}
[REPOSITORY] Creating user: prop-tester-198523@example.com
prisma:query INSERT INTO `user` (`id`,`email`,`name`,`password`,`createdAt`,`role`,`updatedAt`) VALUES (?,?,?,?,?,?,?)
prisma:query SELECT `user`.`id`, `user`.`email`, `user`.`name`, `user`.`password`, `user`.`createdAt`, `user`.`role`, `user`.`updatedAt` FROM `user` WHERE `user`.`id` = ? LIMIT ? OFFSET ?
prisma:query COMMIT
[REPOSITORY] User created: 558dcd50-e371-4725-9114-8d65b1f73496
17:59:18 [[32minfo[39m]: User created successfully {"service":"booking-app","context":"AUTH","userId":"558dcd50-e371-4725-9114-8d65b1f73496","email":"prop-tester-198523@example.com"}
17:59:18 [[32minfo[39m]: Creating refresh token {"service":"booking-app","context":"AUTH","userId":"558dcd50-e371-4725-9114-8d65b1f73496"}
[REFRESH_REPO] Creating refresh token for user: 558dcd50-e371-4725-9114-8d65b1f73496
prisma:query INSERT INTO `refreshtoken` (`id`,`token`,`userId`,`expiresAt`,`createdAt`) VALUES (?,?,?,?,?)
prisma:query SELECT `refreshtoken`.`id`, `refreshtoken`.`token`, `refreshtoken`.`userId`, `refreshtoken`.`expiresAt`, `refreshtoken`.`createdAt` FROM `refreshtoken` WHERE `refreshtoken`.`id` = ? LIMIT ? OFFSET ?
prisma:query COMMIT
[REFRESH_REPO] Refresh token created: 4752b630-1469-4385-a9b0-0b5c354f2d07
17:59:18 [[32minfo[39m]: Refresh token created {"service":"booking-app","context":"AUTH","userId":"558dcd50-e371-4725-9114-8d65b1f73496"}
17:59:18 [[32minfo[39m]: Registration successful {"service":"booking-app","context":"AUTH","email":"prop-tester-198523@example.com","userId":"558dcd50-e371-4725-9114-8d65b1f73496"}
prisma:query SELECT `property`.`id`, `property`.`title`, `property`.`description`, `property`.`pricePerNight`, `property`.`address`, `property`.`imageUrl`, `property`.`ownerId`, `property`.`createdAt`, `property`.`updatedAt` FROM `property` WHERE 1=1
prisma:query SELECT `property`.`id`, `property`.`title`, `property`.`description`, `property`.`pricePerNight`, `property`.`address`, `property`.`imageUrl`, `property`.`ownerId`, `property`.`createdAt`, `property`.`updatedAt` FROM `property` WHERE 1=1
17:59:19 [[32minfo[39m]: Creating property {"service":"booking-app","userId":"558dcd50-e371-4725-9114-8d65b1f73496","userEmail":"prop-tester-198523@example.com","userRole":"USER","context":"PROPERTY","title":"Villa-226625","ownerId":"558dcd50-e371-4725-9114-8d65b1f73496"}
prisma:query SELECT `property`.`id`, `property`.`title`, `property`.`description`, `property`.`pricePerNight`, `property`.`address`, `property`.`imageUrl`, `property`.`ownerId`, `property`.`createdAt`, `property`.`updatedAt` FROM `property` WHERE (`property`.`id` = ? AND 1=1) LIMIT ? OFFSET ?
prisma:query INSERT INTO `property` (`id`,`title`,`description`,`pricePerNight`,`address`,`imageUrl`,`ownerId`,`createdAt`,`updatedAt`) VALUES (?,?,?,?,?,?,?,?,?)
prisma:query SELECT `property`.`id`, `property`.`title`, `property`.`description`, `property`.`pricePerNight`, `property`.`address`, `property`.`imageUrl`, `property`.`ownerId`, `property`.`createdAt`, `property`.`updatedAt` FROM `property` WHERE `property`.`id` = ? LIMIT ? OFFSET ?
prisma:query COMMIT
17:59:19 [[32minfo[39m]: Property created successfully {"service":"booking-app","userId":"558dcd50-e371-4725-9114-8d65b1f73496","userEmail":"prop-tester-198523@example.com","userRole":"USER","context":"PROPERTY","propertyId":"47595438-e9a1-47e9-8e07-eb3f341b7366","title":"Villa-226625"}
prisma:query SELECT `property`.`id`, `property`.`title`, `property`.`description`, `property`.`pricePerNight`, `property`.`address`, `property`.`imageUrl`, `property`.`ownerId`, `property`.`createdAt`, `property`.`updatedAt` FROM `property` WHERE 1=1
prisma:query SELECT `property`.`id`, `property`.`title`, `property`.`description`, `property`.`pricePerNight`, `property`.`address`, `property`.`imageUrl`, `property`.`ownerId`, `property`.`createdAt`, `property`.`updatedAt` FROM `property` WHERE 1=1
[VALIDATE] Validating body: {"name":"reg-592217","email":"reg-592217@example.com","password":"password123"}
[VALIDATE] Validation passed
18:01:05 [[32minfo[39m]: Registration attempt {"service":"booking-app","context":"AUTH","email":"reg-592217@example.com"}
[REPOSITORY] Finding user by email: reg-592217@example.com
prisma:query SELECT `user`.`id`, `user`.`email`, `user`.`name`, `user`.`password`, `user`.`createdAt`, `user`.`role`, `user`.`updatedAt` FROM `user` WHERE (`user`.`email` = ? AND 1=1) LIMIT ? OFFSET ?
[REPOSITORY] User not found: reg-592217@example.com
[REPOSITORY] Creating user: reg-592217@example.com
prisma:query INSERT INTO `user` (`id`,`email`,`name`,`password`,`createdAt`,`role`,`updatedAt`) VALUES (?,?,?,?,?,?,?)
prisma:query SELECT `user`.`id`, `user`.`email`, `user`.`name`, `user`.`password`, `user`.`createdAt`, `user`.`role`, `user`.`updatedAt` FROM `user` WHERE `user`.`id` = ? LIMIT ? OFFSET ?
prisma:query COMMIT
[REPOSITORY] User created: beeac0f3-80bc-4ba8-965d-39ea4416cc90
18:01:05 [[32minfo[39m]: User created successfully {"service":"booking-app","context":"AUTH","userId":"beeac0f3-80bc-4ba8-965d-39ea4416cc90","email":"reg-592217@example.com"}
18:01:05 [[32minfo[39m]: Creating refresh token {"service":"booking-app","context":"AUTH","userId":"beeac0f3-80bc-4ba8-965d-39ea4416cc90"}
[REFRESH_REPO] Creating refresh token for user: beeac0f3-80bc-4ba8-965d-39ea4416cc90
prisma:query INSERT INTO `refreshtoken` (`id`,`token`,`userId`,`expiresAt`,`createdAt`) VALUES (?,?,?,?,?)
prisma:query SELECT `refreshtoken`.`id`, `refreshtoken`.`token`, `refreshtoken`.`userId`, `refreshtoken`.`expiresAt`, `refreshtoken`.`createdAt` FROM `refreshtoken` WHERE `refreshtoken`.`id` = ? LIMIT ? OFFSET ?
[VALIDATE] Validating body: {"name":"login-367929","email":"login-367929@example.com","password":"password123"}
[VALIDATE] Validation passed
18:01:05 [[32minfo[39m]: Registration attempt {"service":"booking-app","context":"AUTH","email":"login-367929@example.com"}
[REPOSITORY] Finding user by email: login-367929@example.com
[VALIDATE] Validating body: {"name":"Property Tester","email":"prop-tester-49540@example.com","password":"password123"}
[VALIDATE] Validation passed
18:01:05 [[32minfo[39m]: Registration attempt {"service":"booking-app","context":"AUTH","email":"prop-tester-49540@example.com"}
[REPOSITORY] Finding user by email: prop-tester-49540@example.com
prisma:query COMMIT
[REFRESH_REPO] Refresh token created: 02a2837c-49f8-4f52-8999-49c182f1036f
18:01:05 [[32minfo[39m]: Refresh token created {"service":"booking-app","context":"AUTH","userId":"beeac0f3-80bc-4ba8-965d-39ea4416cc90"}
18:01:05 [[32minfo[39m]: Registration successful {"service":"booking-app","context":"AUTH","email":"reg-592217@example.com","userId":"beeac0f3-80bc-4ba8-965d-39ea4416cc90"}
prisma:query SELECT `user`.`id`, `user`.`email`, `user`.`name`, `user`.`password`, `user`.`createdAt`, `user`.`role`, `user`.`updatedAt` FROM `user` WHERE (`user`.`email` = ? AND 1=1) LIMIT ? OFFSET ?
[REPOSITORY] User not found: login-367929@example.com
prisma:query SELECT `user`.`id`, `user`.`email`, `user`.`name`, `user`.`password`, `user`.`createdAt`, `user`.`role`, `user`.`updatedAt` FROM `user` WHERE (`user`.`email` = ? AND 1=1) LIMIT ? OFFSET ?
[REPOSITORY] User not found: prop-tester-49540@example.com
[VALIDATE] Validating body: {"name":"Booking Tester","email":"book-350007@example.com","password":"password123"}
[VALIDATE] Validation passed
18:01:05 [[32minfo[39m]: Registration attempt {"service":"booking-app","context":"AUTH","email":"book-350007@example.com"}
[REPOSITORY] Finding user by email: book-350007@example.com
prisma:query SELECT `user`.`id`, `user`.`email`, `user`.`name`, `user`.`password`, `user`.`createdAt`, `user`.`role`, `user`.`updatedAt` FROM `user` WHERE (`user`.`email` = ? AND 1=1) LIMIT ? OFFSET ?
[REPOSITORY] User not found: book-350007@example.com
[VALIDATE] Validating body: {"name":"Property Tester","email":"prop-tester-908371@example.com","password":"password123"}
[VALIDATE] Validation passed
18:01:05 [[32minfo[39m]: Registration attempt {"service":"booking-app","context":"AUTH","email":"prop-tester-908371@example.com"}
[REPOSITORY] Finding user by email: prop-tester-908371@example.com
prisma:query SELECT `user`.`id`, `user`.`email`, `user`.`name`, `user`.`password`, `user`.`createdAt`, `user`.`role`, `user`.`updatedAt` FROM `user` WHERE (`user`.`email` = ? AND 1=1) LIMIT ? OFFSET ?
[REPOSITORY] User not found: prop-tester-908371@example.com
[REPOSITORY] Creating user: login-367929@example.com
[REPOSITORY] Creating user: book-350007@example.com
prisma:query INSERT INTO `user` (`id`,`email`,`name`,`password`,`createdAt`,`role`,`updatedAt`) VALUES (?,?,?,?,?,?,?)
prisma:query INSERT INTO `user` (`id`,`email`,`name`,`password`,`createdAt`,`role`,`updatedAt`) VALUES (?,?,?,?,?,?,?)
prisma:query SELECT `user`.`id`, `user`.`email`, `user`.`name`, `user`.`password`, `user`.`createdAt`, `user`.`role`, `user`.`updatedAt` FROM `user` WHERE `user`.`id` = ? LIMIT ? OFFSET ?
prisma:query SELECT `user`.`id`, `user`.`email`, `user`.`name`, `user`.`password`, `user`.`createdAt`, `user`.`role`, `user`.`updatedAt` FROM `user` WHERE `user`.`id` = ? LIMIT ? OFFSET ?
prisma:query COMMIT
[REPOSITORY] User created: f3e7c40c-5d69-428d-a972-28d3310da5f6
18:01:05 [[32minfo[39m]: User created successfully {"service":"booking-app","context":"AUTH","userId":"f3e7c40c-5d69-428d-a972-28d3310da5f6","email":"book-350007@example.com"}
18:01:05 [[32minfo[39m]: Creating refresh token {"service":"booking-app","context":"AUTH","userId":"f3e7c40c-5d69-428d-a972-28d3310da5f6"}
[REFRESH_REPO] Creating refresh token for user: f3e7c40c-5d69-428d-a972-28d3310da5f6
[REPOSITORY] Creating user: prop-tester-49540@example.com
prisma:query COMMIT
[REPOSITORY] User created: b9b95acf-ef17-4c3d-892b-876b88f49c68
18:01:05 [[32minfo[39m]: User created successfully {"service":"booking-app","context":"AUTH","userId":"b9b95acf-ef17-4c3d-892b-876b88f49c68","email":"login-367929@example.com"}
18:01:05 [[32minfo[39m]: Creating refresh token {"service":"booking-app","context":"AUTH","userId":"b9b95acf-ef17-4c3d-892b-876b88f49c68"}
[REFRESH_REPO] Creating refresh token for user: b9b95acf-ef17-4c3d-892b-876b88f49c68
prisma:query INSERT INTO `refreshtoken` (`id`,`token`,`userId`,`expiresAt`,`createdAt`) VALUES (?,?,?,?,?)
prisma:query INSERT INTO `user` (`id`,`email`,`name`,`password`,`createdAt`,`role`,`updatedAt`) VALUES (?,?,?,?,?,?,?)
prisma:query INSERT INTO `refreshtoken` (`id`,`token`,`userId`,`expiresAt`,`createdAt`) VALUES (?,?,?,?,?)
prisma:query SELECT `refreshtoken`.`id`, `refreshtoken`.`token`, `refreshtoken`.`userId`, `refreshtoken`.`expiresAt`, `refreshtoken`.`createdAt` FROM `refreshtoken` WHERE `refreshtoken`.`id` = ? LIMIT ? OFFSET ?
prisma:query SELECT `user`.`id`, `user`.`email`, `user`.`name`, `user`.`password`, `user`.`createdAt`, `user`.`role`, `user`.`updatedAt` FROM `user` WHERE `user`.`id` = ? LIMIT ? OFFSET ?
prisma:query SELECT `refreshtoken`.`id`, `refreshtoken`.`token`, `refreshtoken`.`userId`, `refreshtoken`.`expiresAt`, `refreshtoken`.`createdAt` FROM `refreshtoken` WHERE `refreshtoken`.`id` = ? LIMIT ? OFFSET ?
prisma:query COMMIT
[REFRESH_REPO] Refresh token created: 957b244f-726f-4331-b12e-01b9f78e10ff
18:01:05 [[32minfo[39m]: Refresh token created {"service":"booking-app","context":"AUTH","userId":"f3e7c40c-5d69-428d-a972-28d3310da5f6"}
18:01:05 [[32minfo[39m]: Registration successful {"service":"booking-app","context":"AUTH","email":"book-350007@example.com","userId":"f3e7c40c-5d69-428d-a972-28d3310da5f6"}
prisma:query COMMIT
[REFRESH_REPO] Refresh token created: 5bda3bb8-2945-4abb-93bc-e602c298f1d0
18:01:05 [[32minfo[39m]: Refresh token created {"service":"booking-app","context":"AUTH","userId":"b9b95acf-ef17-4c3d-892b-876b88f49c68"}
18:01:05 [[32minfo[39m]: Registration successful {"service":"booking-app","context":"AUTH","email":"login-367929@example.com","userId":"b9b95acf-ef17-4c3d-892b-876b88f49c68"}
prisma:query COMMIT
[REPOSITORY] User created: 8632b3c9-5404-42f3-b40f-4e9cececad30
18:01:05 [[32minfo[39m]: User created successfully {"service":"booking-app","context":"AUTH","userId":"8632b3c9-5404-42f3-b40f-4e9cececad30","email":"prop-tester-49540@example.com"}
18:01:05 [[32minfo[39m]: Creating refresh token {"service":"booking-app","context":"AUTH","userId":"8632b3c9-5404-42f3-b40f-4e9cececad30"}
[REFRESH_REPO] Creating refresh token for user: 8632b3c9-5404-42f3-b40f-4e9cececad30
prisma:query INSERT INTO `refreshtoken` (`id`,`token`,`userId`,`expiresAt`,`createdAt`) VALUES (?,?,?,?,?)
prisma:query SELECT `refreshtoken`.`id`, `refreshtoken`.`token`, `refreshtoken`.`userId`, `refreshtoken`.`expiresAt`, `refreshtoken`.`createdAt` FROM `refreshtoken` WHERE `refreshtoken`.`id` = ? LIMIT ? OFFSET ?
[REPOSITORY] Creating user: prop-tester-908371@example.com
prisma:query INSERT INTO `user` (`id`,`email`,`name`,`password`,`createdAt`,`role`,`updatedAt`) VALUES (?,?,?,?,?,?,?)
prisma:query COMMIT
[REFRESH_REPO] Refresh token created: ef17d6f0-c3d7-4774-9307-095dd5095cb1
18:01:05 [[32minfo[39m]: Refresh token created {"service":"booking-app","context":"AUTH","userId":"8632b3c9-5404-42f3-b40f-4e9cececad30"}
18:01:05 [[32minfo[39m]: Registration successful {"service":"booking-app","context":"AUTH","email":"prop-tester-49540@example.com","userId":"8632b3c9-5404-42f3-b40f-4e9cececad30"}
prisma:query SELECT `user`.`id`, `user`.`email`, `user`.`name`, `user`.`password`, `user`.`createdAt`, `user`.`role`, `user`.`updatedAt` FROM `user` WHERE `user`.`id` = ? LIMIT ? OFFSET ?
prisma:query COMMIT
[REPOSITORY] User created: 50200ad6-d4b3-4faf-bc90-1c7d2ededa35
18:01:05 [[32minfo[39m]: User created successfully {"service":"booking-app","context":"AUTH","userId":"50200ad6-d4b3-4faf-bc90-1c7d2ededa35","email":"prop-tester-908371@example.com"}
18:01:05 [[32minfo[39m]: Creating refresh token {"service":"booking-app","context":"AUTH","userId":"50200ad6-d4b3-4faf-bc90-1c7d2ededa35"}
[REFRESH_REPO] Creating refresh token for user: 50200ad6-d4b3-4faf-bc90-1c7d2ededa35
prisma:query INSERT INTO `refreshtoken` (`id`,`token`,`userId`,`expiresAt`,`createdAt`) VALUES (?,?,?,?,?)
prisma:query SELECT `refreshtoken`.`id`, `refreshtoken`.`token`, `refreshtoken`.`userId`, `refreshtoken`.`expiresAt`, `refreshtoken`.`createdAt` FROM `refreshtoken` WHERE `refreshtoken`.`id` = ? LIMIT ? OFFSET ?
prisma:query COMMIT
[REFRESH_REPO] Refresh token created: 00fdc817-c1d3-47bb-8bd2-86bd9e2d5174
18:01:05 [[32minfo[39m]: Refresh token created {"service":"booking-app","context":"AUTH","userId":"50200ad6-d4b3-4faf-bc90-1c7d2ededa35"}
18:01:05 [[32minfo[39m]: Registration successful {"service":"booking-app","context":"AUTH","email":"prop-tester-908371@example.com","userId":"50200ad6-d4b3-4faf-bc90-1c7d2ededa35"}
prisma:query SELECT `property`.`id`, `property`.`title`, `property`.`description`, `property`.`pricePerNight`, `property`.`address`, `property`.`imageUrl`, `property`.`ownerId`, `property`.`createdAt`, `property`.`updatedAt` FROM `property` WHERE 1=1
prisma:query SELECT `property`.`id`, `property`.`title`, `property`.`description`, `property`.`pricePerNight`, `property`.`address`, `property`.`imageUrl`, `property`.`ownerId`, `property`.`createdAt`, `property`.`updatedAt` FROM `property` WHERE 1=1
prisma:query SELECT `property`.`id`, `property`.`title`, `property`.`description`, `property`.`pricePerNight`, `property`.`address`, `property`.`imageUrl`, `property`.`ownerId`, `property`.`createdAt`, `property`.`updatedAt` FROM `property` WHERE 1=1
prisma:query SELECT `property`.`id`, `property`.`title`, `property`.`description`, `property`.`pricePerNight`, `property`.`address`, `property`.`imageUrl`, `property`.`ownerId`, `property`.`createdAt`, `property`.`updatedAt` FROM `property` WHERE 1=1
prisma:query SELECT `property`.`id`, `property`.`title`, `property`.`description`, `property`.`pricePerNight`, `property`.`address`, `property`.`imageUrl`, `property`.`ownerId`, `property`.`createdAt`, `property`.`updatedAt` FROM `property` WHERE 1=1
prisma:query SELECT `property`.`id`, `property`.`title`, `property`.`description`, `property`.`pricePerNight`, `property`.`address`, `property`.`imageUrl`, `property`.`ownerId`, `property`.`createdAt`, `property`.`updatedAt` FROM `property` WHERE 1=1
[REPOSITORY] Finding user by id: b9b95acf-ef17-4c3d-892b-876b88f49c68
prisma:query SELECT `user`.`id`, `user`.`email`, `user`.`name`, `user`.`password`, `user`.`createdAt`, `user`.`role`, `user`.`updatedAt` FROM `user` WHERE (`user`.`id` = ? AND 1=1) LIMIT ? OFFSET ?
18:01:06 [[32minfo[39m]: Get me successful {"service":"booking-app","userId":"b9b95acf-ef17-4c3d-892b-876b88f49c68","userEmail":"login-367929@example.com","userRole":"USER","context":"AUTH","email":"login-367929@example.com"}
[VALIDATE] Validating body: {"email":"login-367929@example.com","password":"password123"}
[VALIDATE] Validation passed
18:01:06 [[32minfo[39m]: Login attempt {"service":"booking-app","context":"AUTH","email":"login-367929@example.com"}
[REPOSITORY] Finding user by email: login-367929@example.com
prisma:query SELECT `user`.`id`, `user`.`email`, `user`.`name`, `user`.`password`, `user`.`createdAt`, `user`.`role`, `user`.`updatedAt` FROM `user` WHERE (`user`.`email` = ? AND 1=1) LIMIT ? OFFSET ?
[REPOSITORY] User found: b9b95acf-ef17-4c3d-892b-876b88f49c68
18:01:06 [[32minfo[39m]: Login successful {"service":"booking-app","context":"AUTH","userId":"b9b95acf-ef17-4c3d-892b-876b88f49c68","email":"login-367929@example.com"}
18:01:06 [[32minfo[39m]: Creating refresh token {"service":"booking-app","context":"AUTH","userId":"b9b95acf-ef17-4c3d-892b-876b88f49c68"}
[REFRESH_REPO] Creating refresh token for user: b9b95acf-ef17-4c3d-892b-876b88f49c68
prisma:query INSERT INTO `refreshtoken` (`id`,`token`,`userId`,`expiresAt`,`createdAt`) VALUES (?,?,?,?,?)
prisma:query SELECT `refreshtoken`.`id`, `refreshtoken`.`token`, `refreshtoken`.`userId`, `refreshtoken`.`expiresAt`, `refreshtoken`.`createdAt` FROM `refreshtoken` WHERE `refreshtoken`.`id` = ? LIMIT ? OFFSET ?
prisma:query COMMIT
[REFRESH_REPO] Refresh token created: 675b779c-ebaa-485f-8358-2ed3771d494d
18:01:06 [[32minfo[39m]: Refresh token created {"service":"booking-app","context":"AUTH","userId":"b9b95acf-ef17-4c3d-892b-876b88f49c68"}
18:01:06 [[32minfo[39m]: Login successful {"service":"booking-app","context":"AUTH","email":"login-367929@example.com","userId":"b9b95acf-ef17-4c3d-892b-876b88f49c68"}
18:01:06 [[32minfo[39m]: Creating property {"service":"booking-app","userId":"8632b3c9-5404-42f3-b40f-4e9cececad30","userEmail":"prop-tester-49540@example.com","userRole":"USER","context":"PROPERTY","title":"Villa-49147","ownerId":"8632b3c9-5404-42f3-b40f-4e9cececad30"}
prisma:query SELECT `property`.`id`, `property`.`title`, `property`.`description`, `property`.`pricePerNight`, `property`.`address`, `property`.`imageUrl`, `property`.`ownerId`, `property`.`createdAt`, `property`.`updatedAt` FROM `property` WHERE (`property`.`id` = ? AND 1=1) LIMIT ? OFFSET ?
prisma:query INSERT INTO `property` (`id`,`title`,`description`,`pricePerNight`,`address`,`imageUrl`,`ownerId`,`createdAt`,`updatedAt`) VALUES (?,?,?,?,?,?,?,?,?)
prisma:query SELECT `property`.`id`, `property`.`title`, `property`.`description`, `property`.`pricePerNight`, `property`.`address`, `property`.`imageUrl`, `property`.`ownerId`, `property`.`createdAt`, `property`.`updatedAt` FROM `property` WHERE `property`.`id` = ? LIMIT ? OFFSET ?
prisma:query COMMIT
18:01:06 [[32minfo[39m]: Property created successfully {"service":"booking-app","userId":"8632b3c9-5404-42f3-b40f-4e9cececad30","userEmail":"prop-tester-49540@example.com","userRole":"USER","context":"PROPERTY","propertyId":"f331151b-d5e6-4511-a11d-bb7283e7cfcf","title":"Villa-49147"}
18:01:06 [[32minfo[39m]: Creating property {"service":"booking-app","userId":"50200ad6-d4b3-4faf-bc90-1c7d2ededa35","userEmail":"prop-tester-908371@example.com","userRole":"USER","context":"PROPERTY","title":"Villa-460297","ownerId":"50200ad6-d4b3-4faf-bc90-1c7d2ededa35"}
prisma:query SELECT `property`.`id`, `property`.`title`, `property`.`description`, `property`.`pricePerNight`, `property`.`address`, `property`.`imageUrl`, `property`.`ownerId`, `property`.`createdAt`, `property`.`updatedAt` FROM `property` WHERE (`property`.`id` = ? AND 1=1) LIMIT ? OFFSET ?
prisma:query INSERT INTO `property` (`id`,`title`,`description`,`pricePerNight`,`address`,`imageUrl`,`ownerId`,`createdAt`,`updatedAt`) VALUES (?,?,?,?,?,?,?,?,?)
prisma:query SELECT `property`.`id`, `property`.`title`, `property`.`description`, `property`.`pricePerNight`, `property`.`address`, `property`.`imageUrl`, `property`.`ownerId`, `property`.`createdAt`, `property`.`updatedAt` FROM `property` WHERE `property`.`id` = ? LIMIT ? OFFSET ?
prisma:query COMMIT
18:01:06 [[32minfo[39m]: Property created successfully {"service":"booking-app","userId":"50200ad6-d4b3-4faf-bc90-1c7d2ededa35","userEmail":"prop-tester-908371@example.com","userRole":"USER","context":"PROPERTY","propertyId":"cdb45051-f814-4466-9ce0-f56de8b8ce85","title":"Villa-460297"}
prisma:query SELECT `property`.`id`, `property`.`title`, `property`.`description`, `property`.`pricePerNight`, `property`.`address`, `property`.`imageUrl`, `property`.`ownerId`, `property`.`createdAt`, `property`.`updatedAt` FROM `property` WHERE 1=1
prisma:query SELECT `property`.`id`, `property`.`title`, `property`.`description`, `property`.`pricePerNight`, `property`.`address`, `property`.`imageUrl`, `property`.`ownerId`, `property`.`createdAt`, `property`.`updatedAt` FROM `property` WHERE 1=1
[VALIDATE] Validating body: {"name":"Booking Tester","email":"book-201598@example.com","password":"password123"}
[VALIDATE] Validation passed
18:01:07 [[32minfo[39m]: Registration attempt {"service":"booking-app","context":"AUTH","email":"book-201598@example.com"}
[REPOSITORY] Finding user by email: book-201598@example.com
prisma:query SELECT `user`.`id`, `user`.`email`, `user`.`name`, `user`.`password`, `user`.`createdAt`, `user`.`role`, `user`.`updatedAt` FROM `user` WHERE (`user`.`email` = ? AND 1=1) LIMIT ? OFFSET ?
[REPOSITORY] User not found: book-201598@example.com
[REPOSITORY] Creating user: book-201598@example.com
prisma:query INSERT INTO `user` (`id`,`email`,`name`,`password`,`createdAt`,`role`,`updatedAt`) VALUES (?,?,?,?,?,?,?)
prisma:query SELECT `user`.`id`, `user`.`email`, `user`.`name`, `user`.`password`, `user`.`createdAt`, `user`.`role`, `user`.`updatedAt` FROM `user` WHERE `user`.`id` = ? LIMIT ? OFFSET ?
prisma:query COMMIT
[REPOSITORY] User created: a751e63c-d658-4371-b6d1-3e4e16a6c152
18:01:07 [[32minfo[39m]: User created successfully {"service":"booking-app","context":"AUTH","userId":"a751e63c-d658-4371-b6d1-3e4e16a6c152","email":"book-201598@example.com"}
18:01:07 [[32minfo[39m]: Creating refresh token {"service":"booking-app","context":"AUTH","userId":"a751e63c-d658-4371-b6d1-3e4e16a6c152"}
[REFRESH_REPO] Creating refresh token for user: a751e63c-d658-4371-b6d1-3e4e16a6c152
prisma:query INSERT INTO `refreshtoken` (`id`,`token`,`userId`,`expiresAt`,`createdAt`) VALUES (?,?,?,?,?)
prisma:query SELECT `refreshtoken`.`id`, `refreshtoken`.`token`, `refreshtoken`.`userId`, `refreshtoken`.`expiresAt`, `refreshtoken`.`createdAt` FROM `refreshtoken` WHERE `refreshtoken`.`id` = ? LIMIT ? OFFSET ?
prisma:query COMMIT
[REFRESH_REPO] Refresh token created: 30c6b7d0-3847-48bf-a978-4dd8e0aa3258
18:01:07 [[32minfo[39m]: Refresh token created {"service":"booking-app","context":"AUTH","userId":"a751e63c-d658-4371-b6d1-3e4e16a6c152"}
18:01:07 [[32minfo[39m]: Registration successful {"service":"booking-app","context":"AUTH","email":"book-201598@example.com","userId":"a751e63c-d658-4371-b6d1-3e4e16a6c152"}
[VALIDATE] Validating body: {"name":"login-83677","email":"login-83677@example.com","password":"password123"}
[VALIDATE] Validation passed
18:01:07 [[32minfo[39m]: Registration attempt {"service":"booking-app","context":"AUTH","email":"login-83677@example.com"}
[REPOSITORY] Finding user by email: login-83677@example.com
prisma:query SELECT `user`.`id`, `user`.`email`, `user`.`name`, `user`.`password`, `user`.`createdAt`, `user`.`role`, `user`.`updatedAt` FROM `user` WHERE (`user`.`email` = ? AND 1=1) LIMIT ? OFFSET ?
[REPOSITORY] User not found: login-83677@example.com
[REPOSITORY] Creating user: login-83677@example.com
prisma:query INSERT INTO `user` (`id`,`email`,`name`,`password`,`createdAt`,`role`,`updatedAt`) VALUES (?,?,?,?,?,?,?)
prisma:query SELECT `user`.`id`, `user`.`email`, `user`.`name`, `user`.`password`, `user`.`createdAt`, `user`.`role`, `user`.`updatedAt` FROM `user` WHERE `user`.`id` = ? LIMIT ? OFFSET ?
prisma:query COMMIT
[REPOSITORY] User created: f62d94ac-eaaa-4630-bfd5-5e14b37abf9b
18:01:07 [[32minfo[39m]: User created successfully {"service":"booking-app","context":"AUTH","userId":"f62d94ac-eaaa-4630-bfd5-5e14b37abf9b","email":"login-83677@example.com"}
18:01:07 [[32minfo[39m]: Creating refresh token {"service":"booking-app","context":"AUTH","userId":"f62d94ac-eaaa-4630-bfd5-5e14b37abf9b"}
[REFRESH_REPO] Creating refresh token for user: f62d94ac-eaaa-4630-bfd5-5e14b37abf9b
prisma:query INSERT INTO `refreshtoken` (`id`,`token`,`userId`,`expiresAt`,`createdAt`) VALUES (?,?,?,?,?)
prisma:query SELECT `refreshtoken`.`id`, `refreshtoken`.`token`, `refreshtoken`.`userId`, `refreshtoken`.`expiresAt`, `refreshtoken`.`createdAt` FROM `refreshtoken` WHERE `refreshtoken`.`id` = ? LIMIT ? OFFSET ?
prisma:query COMMIT
[REFRESH_REPO] Refresh token created: 20d78eb0-928d-4dc2-bbed-a5d2b028b541
18:01:07 [[32minfo[39m]: Refresh token created {"service":"booking-app","context":"AUTH","userId":"f62d94ac-eaaa-4630-bfd5-5e14b37abf9b"}
18:01:07 [[32minfo[39m]: Registration successful {"service":"booking-app","context":"AUTH","email":"login-83677@example.com","userId":"f62d94ac-eaaa-4630-bfd5-5e14b37abf9b"}
prisma:query SELECT `property`.`id`, `property`.`title`, `property`.`description`, `property`.`pricePerNight`, `property`.`address`, `property`.`imageUrl`, `property`.`ownerId`, `property`.`createdAt`, `property`.`updatedAt` FROM `property` WHERE 1=1
prisma:query SELECT `property`.`id`, `property`.`title`, `property`.`description`, `property`.`pricePerNight`, `property`.`address`, `property`.`imageUrl`, `property`.`ownerId`, `property`.`createdAt`, `property`.`updatedAt` FROM `property` WHERE 1=1
[VALIDATE] Validating body: {"name":"reg-817187","email":"reg-817187@example.com","password":"password123"}
[VALIDATE] Validation passed
18:01:08 [[32minfo[39m]: Registration attempt {"service":"booking-app","context":"AUTH","email":"reg-817187@example.com"}
[REPOSITORY] Finding user by email: reg-817187@example.com
prisma:query SELECT `user`.`id`, `user`.`email`, `user`.`name`, `user`.`password`, `user`.`createdAt`, `user`.`role`, `user`.`updatedAt` FROM `user` WHERE (`user`.`email` = ? AND 1=1) LIMIT ? OFFSET ?
[REPOSITORY] User not found: reg-817187@example.com
[REPOSITORY] Creating user: reg-817187@example.com
prisma:query INSERT INTO `user` (`id`,`email`,`name`,`password`,`createdAt`,`role`,`updatedAt`) VALUES (?,?,?,?,?,?,?)
prisma:query SELECT `user`.`id`, `user`.`email`, `user`.`name`, `user`.`password`, `user`.`createdAt`, `user`.`role`, `user`.`updatedAt` FROM `user` WHERE `user`.`id` = ? LIMIT ? OFFSET ?
prisma:query COMMIT
[REPOSITORY] User created: ef12378f-30fc-42c4-a05a-e346293b5a6b
18:01:08 [[32minfo[39m]: User created successfully {"service":"booking-app","context":"AUTH","userId":"ef12378f-30fc-42c4-a05a-e346293b5a6b","email":"reg-817187@example.com"}
18:01:08 [[32minfo[39m]: Creating refresh token {"service":"booking-app","context":"AUTH","userId":"ef12378f-30fc-42c4-a05a-e346293b5a6b"}
[REFRESH_REPO] Creating refresh token for user: ef12378f-30fc-42c4-a05a-e346293b5a6b
prisma:query INSERT INTO `refreshtoken` (`id`,`token`,`userId`,`expiresAt`,`createdAt`) VALUES (?,?,?,?,?)
prisma:query SELECT `refreshtoken`.`id`, `refreshtoken`.`token`, `refreshtoken`.`userId`, `refreshtoken`.`expiresAt`, `refreshtoken`.`createdAt` FROM `refreshtoken` WHERE `refreshtoken`.`id` = ? LIMIT ? OFFSET ?
prisma:query COMMIT
[REFRESH_REPO] Refresh token created: 84a2a9c3-a07f-465b-a822-c58bab939432
18:01:08 [[32minfo[39m]: Refresh token created {"service":"booking-app","context":"AUTH","userId":"ef12378f-30fc-42c4-a05a-e346293b5a6b"}
18:01:08 [[32minfo[39m]: Registration successful {"service":"booking-app","context":"AUTH","email":"reg-817187@example.com","userId":"ef12378f-30fc-42c4-a05a-e346293b5a6b"}
[REPOSITORY] Finding user by id: f62d94ac-eaaa-4630-bfd5-5e14b37abf9b
prisma:query SELECT `user`.`id`, `user`.`email`, `user`.`name`, `user`.`password`, `user`.`createdAt`, `user`.`role`, `user`.`updatedAt` FROM `user` WHERE (`user`.`id` = ? AND 1=1) LIMIT ? OFFSET ?
18:01:08 [[32minfo[39m]: Get me successful {"service":"booking-app","userId":"f62d94ac-eaaa-4630-bfd5-5e14b37abf9b","userEmail":"login-83677@example.com","userRole":"USER","context":"AUTH","email":"login-83677@example.com"}
[VALIDATE] Validating body: {"email":"login-83677@example.com","password":"password123"}
[VALIDATE] Validation passed
18:01:08 [[32minfo[39m]: Login attempt {"service":"booking-app","context":"AUTH","email":"login-83677@example.com"}
[REPOSITORY] Finding user by email: login-83677@example.com
prisma:query SELECT `user`.`id`, `user`.`email`, `user`.`name`, `user`.`password`, `user`.`createdAt`, `user`.`role`, `user`.`updatedAt` FROM `user` WHERE (`user`.`email` = ? AND 1=1) LIMIT ? OFFSET ?
[REPOSITORY] User found: f62d94ac-eaaa-4630-bfd5-5e14b37abf9b
18:01:08 [[32minfo[39m]: Login successful {"service":"booking-app","context":"AUTH","userId":"f62d94ac-eaaa-4630-bfd5-5e14b37abf9b","email":"login-83677@example.com"}
18:01:08 [[32minfo[39m]: Creating refresh token {"service":"booking-app","context":"AUTH","userId":"f62d94ac-eaaa-4630-bfd5-5e14b37abf9b"}
[REFRESH_REPO] Creating refresh token for user: f62d94ac-eaaa-4630-bfd5-5e14b37abf9b
prisma:query INSERT INTO `refreshtoken` (`id`,`token`,`userId`,`expiresAt`,`createdAt`) VALUES (?,?,?,?,?)
prisma:query SELECT `refreshtoken`.`id`, `refreshtoken`.`token`, `refreshtoken`.`userId`, `refreshtoken`.`expiresAt`, `refreshtoken`.`createdAt` FROM `refreshtoken` WHERE `refreshtoken`.`id` = ? LIMIT ? OFFSET ?
prisma:query COMMIT
[REFRESH_REPO] Refresh token created: 8c5a79f5-5ed0-4784-96a3-7e3f7660c036
18:01:08 [[32minfo[39m]: Refresh token created {"service":"booking-app","context":"AUTH","userId":"f62d94ac-eaaa-4630-bfd5-5e14b37abf9b"}
18:01:08 [[32minfo[39m]: Login successful {"service":"booking-app","context":"AUTH","email":"login-83677@example.com","userId":"f62d94ac-eaaa-4630-bfd5-5e14b37abf9b"}
prisma:query SELECT `property`.`id`, `property`.`title`, `property`.`description`, `property`.`pricePerNight`, `property`.`address`, `property`.`imageUrl`, `property`.`ownerId`, `property`.`createdAt`, `property`.`updatedAt` FROM `property` WHERE 1=1
prisma:query SELECT `property`.`id`, `property`.`title`, `property`.`description`, `property`.`pricePerNight`, `property`.`address`, `property`.`imageUrl`, `property`.`ownerId`, `property`.`createdAt`, `property`.`updatedAt` FROM `property` WHERE 1=1
prisma:query SELECT `property`.`id`, `property`.`title`, `property`.`description`, `property`.`pricePerNight`, `property`.`address`, `property`.`imageUrl`, `property`.`ownerId`, `property`.`createdAt`, `property`.`updatedAt` FROM `property` WHERE 1=1
[VALIDATE] Validating body: {"name":"login-607485","email":"login-607485@example.com","password":"password123"}
[VALIDATE] Validation passed
18:01:10 [[32minfo[39m]: Registration attempt {"service":"booking-app","context":"AUTH","email":"login-607485@example.com"}
[REPOSITORY] Finding user by email: login-607485@example.com
prisma:query SELECT `user`.`id`, `user`.`email`, `user`.`name`, `user`.`password`, `user`.`createdAt`, `user`.`role`, `user`.`updatedAt` FROM `user` WHERE (`user`.`email` = ? AND 1=1) LIMIT ? OFFSET ?
[REPOSITORY] User not found: login-607485@example.com
[REPOSITORY] Creating user: login-607485@example.com
prisma:query INSERT INTO `user` (`id`,`email`,`name`,`password`,`createdAt`,`role`,`updatedAt`) VALUES (?,?,?,?,?,?,?)
prisma:query SELECT `user`.`id`, `user`.`email`, `user`.`name`, `user`.`password`, `user`.`createdAt`, `user`.`role`, `user`.`updatedAt` FROM `user` WHERE `user`.`id` = ? LIMIT ? OFFSET ?
prisma:query COMMIT
[REPOSITORY] User created: b3e58663-977b-4f77-8193-b854e4a72af7
18:01:10 [[32minfo[39m]: User created successfully {"service":"booking-app","context":"AUTH","userId":"b3e58663-977b-4f77-8193-b854e4a72af7","email":"login-607485@example.com"}
18:01:10 [[32minfo[39m]: Creating refresh token {"service":"booking-app","context":"AUTH","userId":"b3e58663-977b-4f77-8193-b854e4a72af7"}
[REFRESH_REPO] Creating refresh token for user: b3e58663-977b-4f77-8193-b854e4a72af7
prisma:query INSERT INTO `refreshtoken` (`id`,`token`,`userId`,`expiresAt`,`createdAt`) VALUES (?,?,?,?,?)
prisma:query SELECT `refreshtoken`.`id`, `refreshtoken`.`token`, `refreshtoken`.`userId`, `refreshtoken`.`expiresAt`, `refreshtoken`.`createdAt` FROM `refreshtoken` WHERE `refreshtoken`.`id` = ? LIMIT ? OFFSET ?
prisma:query COMMIT
[REFRESH_REPO] Refresh token created: aa738b9a-8cbc-4f66-b613-3bec566ab5ea
18:01:10 [[32minfo[39m]: Refresh token created {"service":"booking-app","context":"AUTH","userId":"b3e58663-977b-4f77-8193-b854e4a72af7"}
18:01:10 [[32minfo[39m]: Registration successful {"service":"booking-app","context":"AUTH","email":"login-607485@example.com","userId":"b3e58663-977b-4f77-8193-b854e4a72af7"}
prisma:query SELECT `property`.`id`, `property`.`title`, `property`.`description`, `property`.`pricePerNight`, `property`.`address`, `property`.`imageUrl`, `property`.`ownerId`, `property`.`createdAt`, `property`.`updatedAt` FROM `property` WHERE 1=1
prisma:query SELECT `property`.`id`, `property`.`title`, `property`.`description`, `property`.`pricePerNight`, `property`.`address`, `property`.`imageUrl`, `property`.`ownerId`, `property`.`createdAt`, `property`.`updatedAt` FROM `property` WHERE 1=1
prisma:query SELECT `property`.`id`, `property`.`title`, `property`.`description`, `property`.`pricePerNight`, `property`.`address`, `property`.`imageUrl`, `property`.`ownerId`, `property`.`createdAt`, `property`.`updatedAt` FROM `property` WHERE 1=1
[VALIDATE] Validating body: {"name":"Booking Tester","email":"book-111564@example.com","password":"password123"}
[VALIDATE] Validation passed
18:01:10 [[32minfo[39m]: Registration attempt {"service":"booking-app","context":"AUTH","email":"book-111564@example.com"}
[REPOSITORY] Finding user by email: book-111564@example.com
prisma:query SELECT `user`.`id`, `user`.`email`, `user`.`name`, `user`.`password`, `user`.`createdAt`, `user`.`role`, `user`.`updatedAt` FROM `user` WHERE (`user`.`email` = ? AND 1=1) LIMIT ? OFFSET ?
[REPOSITORY] User not found: book-111564@example.com
[REPOSITORY] Creating user: book-111564@example.com
prisma:query INSERT INTO `user` (`id`,`email`,`name`,`password`,`createdAt`,`role`,`updatedAt`) VALUES (?,?,?,?,?,?,?)
prisma:query SELECT `user`.`id`, `user`.`email`, `user`.`name`, `user`.`password`, `user`.`createdAt`, `user`.`role`, `user`.`updatedAt` FROM `user` WHERE `user`.`id` = ? LIMIT ? OFFSET ?
prisma:query COMMIT
[REPOSITORY] User created: cf8ec4b2-a443-4fe0-a1ae-fd40890a4b2c
18:01:10 [[32minfo[39m]: User created successfully {"service":"booking-app","context":"AUTH","userId":"cf8ec4b2-a443-4fe0-a1ae-fd40890a4b2c","email":"book-111564@example.com"}
18:01:10 [[32minfo[39m]: Creating refresh token {"service":"booking-app","context":"AUTH","userId":"cf8ec4b2-a443-4fe0-a1ae-fd40890a4b2c"}
[REFRESH_REPO] Creating refresh token for user: cf8ec4b2-a443-4fe0-a1ae-fd40890a4b2c
prisma:query INSERT INTO `refreshtoken` (`id`,`token`,`userId`,`expiresAt`,`createdAt`) VALUES (?,?,?,?,?)
prisma:query SELECT `refreshtoken`.`id`, `refreshtoken`.`token`, `refreshtoken`.`userId`, `refreshtoken`.`expiresAt`, `refreshtoken`.`createdAt` FROM `refreshtoken` WHERE `refreshtoken`.`id` = ? LIMIT ? OFFSET ?
prisma:query COMMIT
[REFRESH_REPO] Refresh token created: 00de30be-1d69-4f20-b110-a36aa1dc3235
18:01:10 [[32minfo[39m]: Refresh token created {"service":"booking-app","context":"AUTH","userId":"cf8ec4b2-a443-4fe0-a1ae-fd40890a4b2c"}
18:01:10 [[32minfo[39m]: Registration successful {"service":"booking-app","context":"AUTH","email":"book-111564@example.com","userId":"cf8ec4b2-a443-4fe0-a1ae-fd40890a4b2c"}
[REPOSITORY] Finding user by id: b3e58663-977b-4f77-8193-b854e4a72af7
prisma:query SELECT `user`.`id`, `user`.`email`, `user`.`name`, `user`.`password`, `user`.`createdAt`, `user`.`role`, `user`.`updatedAt` FROM `user` WHERE (`user`.`id` = ? AND 1=1) LIMIT ? OFFSET ?
18:01:11 [[32minfo[39m]: Get me successful {"service":"booking-app","userId":"b3e58663-977b-4f77-8193-b854e4a72af7","userEmail":"login-607485@example.com","userRole":"USER","context":"AUTH","email":"login-607485@example.com"}
[VALIDATE] Validating body: {"email":"login-607485@example.com","password":"password123"}
[VALIDATE] Validation passed
18:01:11 [[32minfo[39m]: Login attempt {"service":"booking-app","context":"AUTH","email":"login-607485@example.com"}
[REPOSITORY] Finding user by email: login-607485@example.com
prisma:query SELECT `user`.`id`, `user`.`email`, `user`.`name`, `user`.`password`, `user`.`createdAt`, `user`.`role`, `user`.`updatedAt` FROM `user` WHERE (`user`.`email` = ? AND 1=1) LIMIT ? OFFSET ?
[REPOSITORY] User found: b3e58663-977b-4f77-8193-b854e4a72af7
18:01:11 [[32minfo[39m]: Login successful {"service":"booking-app","context":"AUTH","userId":"b3e58663-977b-4f77-8193-b854e4a72af7","email":"login-607485@example.com"}
18:01:11 [[32minfo[39m]: Creating refresh token {"service":"booking-app","context":"AUTH","userId":"b3e58663-977b-4f77-8193-b854e4a72af7"}
[REFRESH_REPO] Creating refresh token for user: b3e58663-977b-4f77-8193-b854e4a72af7
prisma:query INSERT INTO `refreshtoken` (`id`,`token`,`userId`,`expiresAt`,`createdAt`) VALUES (?,?,?,?,?)
prisma:query SELECT `refreshtoken`.`id`, `refreshtoken`.`token`, `refreshtoken`.`userId`, `refreshtoken`.`expiresAt`, `refreshtoken`.`createdAt` FROM `refreshtoken` WHERE `refreshtoken`.`id` = ? LIMIT ? OFFSET ?
prisma:query COMMIT
[REFRESH_REPO] Refresh token created: feac2aa2-da5c-40c8-9521-ec376ac5b2a1
18:01:11 [[32minfo[39m]: Refresh token created {"service":"booking-app","context":"AUTH","userId":"b3e58663-977b-4f77-8193-b854e4a72af7"}
18:01:11 [[32minfo[39m]: Login successful {"service":"booking-app","context":"AUTH","email":"login-607485@example.com","userId":"b3e58663-977b-4f77-8193-b854e4a72af7"}
[VALIDATE] Validating body: {"name":"Property Tester","email":"prop-tester-278046@example.com","password":"password123"}
[VALIDATE] Validation passed
18:01:11 [[32minfo[39m]: Registration attempt {"service":"booking-app","context":"AUTH","email":"prop-tester-278046@example.com"}
[REPOSITORY] Finding user by email: prop-tester-278046@example.com
prisma:query SELECT `user`.`id`, `user`.`email`, `user`.`name`, `user`.`password`, `user`.`createdAt`, `user`.`role`, `user`.`updatedAt` FROM `user` WHERE (`user`.`email` = ? AND 1=1) LIMIT ? OFFSET ?
[REPOSITORY] User not found: prop-tester-278046@example.com
[REPOSITORY] Creating user: prop-tester-278046@example.com
prisma:query INSERT INTO `user` (`id`,`email`,`name`,`password`,`createdAt`,`role`,`updatedAt`) VALUES (?,?,?,?,?,?,?)
prisma:query SELECT `user`.`id`, `user`.`email`, `user`.`name`, `user`.`password`, `user`.`createdAt`, `user`.`role`, `user`.`updatedAt` FROM `user` WHERE `user`.`id` = ? LIMIT ? OFFSET ?
prisma:query COMMIT
[REPOSITORY] User created: 95929a59-8d7b-45b5-874a-bb8544efdf1a
18:01:11 [[32minfo[39m]: User created successfully {"service":"booking-app","context":"AUTH","userId":"95929a59-8d7b-45b5-874a-bb8544efdf1a","email":"prop-tester-278046@example.com"}
18:01:11 [[32minfo[39m]: Creating refresh token {"service":"booking-app","context":"AUTH","userId":"95929a59-8d7b-45b5-874a-bb8544efdf1a"}
[REFRESH_REPO] Creating refresh token for user: 95929a59-8d7b-45b5-874a-bb8544efdf1a
prisma:query INSERT INTO `refreshtoken` (`id`,`token`,`userId`,`expiresAt`,`createdAt`) VALUES (?,?,?,?,?)
prisma:query SELECT `refreshtoken`.`id`, `refreshtoken`.`token`, `refreshtoken`.`userId`, `refreshtoken`.`expiresAt`, `refreshtoken`.`createdAt` FROM `refreshtoken` WHERE `refreshtoken`.`id` = ? LIMIT ? OFFSET ?
prisma:query COMMIT
[REFRESH_REPO] Refresh token created: ec4e26a4-8c76-46f5-9be5-2378ec5efded
18:01:11 [[32minfo[39m]: Refresh token created {"service":"booking-app","context":"AUTH","userId":"95929a59-8d7b-45b5-874a-bb8544efdf1a"}
18:01:11 [[32minfo[39m]: Registration successful {"service":"booking-app","context":"AUTH","email":"prop-tester-278046@example.com","userId":"95929a59-8d7b-45b5-874a-bb8544efdf1a"}
prisma:query SELECT `property`.`id`, `property`.`title`, `property`.`description`, `property`.`pricePerNight`, `property`.`address`, `property`.`imageUrl`, `property`.`ownerId`, `property`.`createdAt`, `property`.`updatedAt` FROM `property` WHERE 1=1
prisma:query SELECT `property`.`id`, `property`.`title`, `property`.`description`, `property`.`pricePerNight`, `property`.`address`, `property`.`imageUrl`, `property`.`ownerId`, `property`.`createdAt`, `property`.`updatedAt` FROM `property` WHERE 1=1
prisma:query SELECT `property`.`id`, `property`.`title`, `property`.`description`, `property`.`pricePerNight`, `property`.`address`, `property`.`imageUrl`, `property`.`ownerId`, `property`.`createdAt`, `property`.`updatedAt` FROM `property` WHERE 1=1
prisma:query SELECT `property`.`id`, `property`.`title`, `property`.`description`, `property`.`pricePerNight`, `property`.`address`, `property`.`imageUrl`, `property`.`ownerId`, `property`.`createdAt`, `property`.`updatedAt` FROM `property` WHERE 1=1
[VALIDATE] Validating body: {"name":"Property Tester","email":"prop-tester-153772@example.com","password":"password123"}
[VALIDATE] Validation passed
18:01:12 [[32minfo[39m]: Registration attempt {"service":"booking-app","context":"AUTH","email":"prop-tester-153772@example.com"}
[REPOSITORY] Finding user by email: prop-tester-153772@example.com
prisma:query SELECT `user`.`id`, `user`.`email`, `user`.`name`, `user`.`password`, `user`.`createdAt`, `user`.`role`, `user`.`updatedAt` FROM `user` WHERE (`user`.`email` = ? AND 1=1) LIMIT ? OFFSET ?
[REPOSITORY] User not found: prop-tester-153772@example.com
[REPOSITORY] Creating user: prop-tester-153772@example.com
prisma:query INSERT INTO `user` (`id`,`email`,`name`,`password`,`createdAt`,`role`,`updatedAt`) VALUES (?,?,?,?,?,?,?)
prisma:query SELECT `user`.`id`, `user`.`email`, `user`.`name`, `user`.`password`, `user`.`createdAt`, `user`.`role`, `user`.`updatedAt` FROM `user` WHERE `user`.`id` = ? LIMIT ? OFFSET ?
prisma:query COMMIT
[REPOSITORY] User created: 84e9f715-f1c8-421e-9faf-576fdb7e01c1
18:01:12 [[32minfo[39m]: User created successfully {"service":"booking-app","context":"AUTH","userId":"84e9f715-f1c8-421e-9faf-576fdb7e01c1","email":"prop-tester-153772@example.com"}
18:01:12 [[32minfo[39m]: Creating refresh token {"service":"booking-app","context":"AUTH","userId":"84e9f715-f1c8-421e-9faf-576fdb7e01c1"}
[REFRESH_REPO] Creating refresh token for user: 84e9f715-f1c8-421e-9faf-576fdb7e01c1
prisma:query INSERT INTO `refreshtoken` (`id`,`token`,`userId`,`expiresAt`,`createdAt`) VALUES (?,?,?,?,?)
prisma:query SELECT `refreshtoken`.`id`, `refreshtoken`.`token`, `refreshtoken`.`userId`, `refreshtoken`.`expiresAt`, `refreshtoken`.`createdAt` FROM `refreshtoken` WHERE `refreshtoken`.`id` = ? LIMIT ? OFFSET ?
prisma:query COMMIT
[REFRESH_REPO] Refresh token created: 3ff0d752-887f-4bc0-9615-c00ffb6f1dbf
18:01:12 [[32minfo[39m]: Refresh token created {"service":"booking-app","context":"AUTH","userId":"84e9f715-f1c8-421e-9faf-576fdb7e01c1"}
18:01:12 [[32minfo[39m]: Registration successful {"service":"booking-app","context":"AUTH","email":"prop-tester-153772@example.com","userId":"84e9f715-f1c8-421e-9faf-576fdb7e01c1"}
prisma:query SELECT `property`.`id`, `property`.`title`, `property`.`description`, `property`.`pricePerNight`, `property`.`address`, `property`.`imageUrl`, `property`.`ownerId`, `property`.`createdAt`, `property`.`updatedAt` FROM `property` WHERE 1=1
prisma:query SELECT `property`.`id`, `property`.`title`, `property`.`description`, `property`.`pricePerNight`, `property`.`address`, `property`.`imageUrl`, `property`.`ownerId`, `property`.`createdAt`, `property`.`updatedAt` FROM `property` WHERE 1=1
18:01:12 [[32minfo[39m]: Creating property {"service":"booking-app","userId":"95929a59-8d7b-45b5-874a-bb8544efdf1a","userEmail":"prop-tester-278046@example.com","userRole":"USER","context":"PROPERTY","title":"Villa-409072","ownerId":"95929a59-8d7b-45b5-874a-bb8544efdf1a"}
prisma:query SELECT `property`.`id`, `property`.`title`, `property`.`description`, `property`.`pricePerNight`, `property`.`address`, `property`.`imageUrl`, `property`.`ownerId`, `property`.`createdAt`, `property`.`updatedAt` FROM `property` WHERE (`property`.`id` = ? AND 1=1) LIMIT ? OFFSET ?
prisma:query INSERT INTO `property` (`id`,`title`,`description`,`pricePerNight`,`address`,`imageUrl`,`ownerId`,`createdAt`,`updatedAt`) VALUES (?,?,?,?,?,?,?,?,?)
prisma:query SELECT `property`.`id`, `property`.`title`, `property`.`description`, `property`.`pricePerNight`, `property`.`address`, `property`.`imageUrl`, `property`.`ownerId`, `property`.`createdAt`, `property`.`updatedAt` FROM `property` WHERE `property`.`id` = ? LIMIT ? OFFSET ?
prisma:query COMMIT
18:01:12 [[32minfo[39m]: Property created successfully {"service":"booking-app","userId":"95929a59-8d7b-45b5-874a-bb8544efdf1a","userEmail":"prop-tester-278046@example.com","userRole":"USER","context":"PROPERTY","propertyId":"2cfab701-fff7-4641-b2ac-7cd967b47cbf","title":"Villa-409072"}
18:01:13 [[32minfo[39m]: Creating property {"service":"booking-app","userId":"84e9f715-f1c8-421e-9faf-576fdb7e01c1","userEmail":"prop-tester-153772@example.com","userRole":"USER","context":"PROPERTY","title":"Villa-602512","ownerId":"84e9f715-f1c8-421e-9faf-576fdb7e01c1"}
prisma:query SELECT `property`.`id`, `property`.`title`, `property`.`description`, `property`.`pricePerNight`, `property`.`address`, `property`.`imageUrl`, `property`.`ownerId`, `property`.`createdAt`, `property`.`updatedAt` FROM `property` WHERE (`property`.`id` = ? AND 1=1) LIMIT ? OFFSET ?
prisma:query INSERT INTO `property` (`id`,`title`,`description`,`pricePerNight`,`address`,`imageUrl`,`ownerId`,`createdAt`,`updatedAt`) VALUES (?,?,?,?,?,?,?,?,?)
prisma:query SELECT `property`.`id`, `property`.`title`, `property`.`description`, `property`.`pricePerNight`, `property`.`address`, `property`.`imageUrl`, `property`.`ownerId`, `property`.`createdAt`, `property`.`updatedAt` FROM `property` WHERE `property`.`id` = ? LIMIT ? OFFSET ?
prisma:query COMMIT
18:01:13 [[32minfo[39m]: Property created successfully {"service":"booking-app","userId":"84e9f715-f1c8-421e-9faf-576fdb7e01c1","userEmail":"prop-tester-153772@example.com","userRole":"USER","context":"PROPERTY","propertyId":"a044fdf4-56d1-458d-a20f-c1224657bdf0","title":"Villa-602512"}
[VALIDATE] Validating body: {"name":"Property Tester","email":"prop-tester-5106@example.com","password":"password123"}
[VALIDATE] Validation passed
18:01:13 [[32minfo[39m]: Registration attempt {"service":"booking-app","context":"AUTH","email":"prop-tester-5106@example.com"}
[REPOSITORY] Finding user by email: prop-tester-5106@example.com
prisma:query SELECT `user`.`id`, `user`.`email`, `user`.`name`, `user`.`password`, `user`.`createdAt`, `user`.`role`, `user`.`updatedAt` FROM `user` WHERE (`user`.`email` = ? AND 1=1) LIMIT ? OFFSET ?
[REPOSITORY] User not found: prop-tester-5106@example.com
[REPOSITORY] Creating user: prop-tester-5106@example.com
prisma:query INSERT INTO `user` (`id`,`email`,`name`,`password`,`createdAt`,`role`,`updatedAt`) VALUES (?,?,?,?,?,?,?)
prisma:query SELECT `user`.`id`, `user`.`email`, `user`.`name`, `user`.`password`, `user`.`createdAt`, `user`.`role`, `user`.`updatedAt` FROM `user` WHERE `user`.`id` = ? LIMIT ? OFFSET ?
prisma:query COMMIT
[REPOSITORY] User created: ff0e33b5-e6e0-45ab-a418-400cc59be825
18:01:13 [[32minfo[39m]: User created successfully {"service":"booking-app","context":"AUTH","userId":"ff0e33b5-e6e0-45ab-a418-400cc59be825","email":"prop-tester-5106@example.com"}
18:01:13 [[32minfo[39m]: Creating refresh token {"service":"booking-app","context":"AUTH","userId":"ff0e33b5-e6e0-45ab-a418-400cc59be825"}
[REFRESH_REPO] Creating refresh token for user: ff0e33b5-e6e0-45ab-a418-400cc59be825
prisma:query INSERT INTO `refreshtoken` (`id`,`token`,`userId`,`expiresAt`,`createdAt`) VALUES (?,?,?,?,?)
prisma:query SELECT `refreshtoken`.`id`, `refreshtoken`.`token`, `refreshtoken`.`userId`, `refreshtoken`.`expiresAt`, `refreshtoken`.`createdAt` FROM `refreshtoken` WHERE `refreshtoken`.`id` = ? LIMIT ? OFFSET ?
prisma:query COMMIT
[REFRESH_REPO] Refresh token created: 8605375d-bd10-46ba-bb1e-d65bac393242
18:01:13 [[32minfo[39m]: Refresh token created {"service":"booking-app","context":"AUTH","userId":"ff0e33b5-e6e0-45ab-a418-400cc59be825"}
18:01:13 [[32minfo[39m]: Registration successful {"service":"booking-app","context":"AUTH","email":"prop-tester-5106@example.com","userId":"ff0e33b5-e6e0-45ab-a418-400cc59be825"}
prisma:query SELECT `property`.`id`, `property`.`title`, `property`.`description`, `property`.`pricePerNight`, `property`.`address`, `property`.`imageUrl`, `property`.`ownerId`, `property`.`createdAt`, `property`.`updatedAt` FROM `property` WHERE 1=1
prisma:query SELECT `property`.`id`, `property`.`title`, `property`.`description`, `property`.`pricePerNight`, `property`.`address`, `property`.`imageUrl`, `property`.`ownerId`, `property`.`createdAt`, `property`.`updatedAt` FROM `property` WHERE 1=1
18:01:14 [[32minfo[39m]: Creating property {"service":"booking-app","userId":"ff0e33b5-e6e0-45ab-a418-400cc59be825","userEmail":"prop-tester-5106@example.com","userRole":"USER","context":"PROPERTY","title":"Villa-622934","ownerId":"ff0e33b5-e6e0-45ab-a418-400cc59be825"}
prisma:query SELECT `property`.`id`, `property`.`title`, `property`.`description`, `property`.`pricePerNight`, `property`.`address`, `property`.`imageUrl`, `property`.`ownerId`, `property`.`createdAt`, `property`.`updatedAt` FROM `property` WHERE (`property`.`id` = ? AND 1=1) LIMIT ? OFFSET ?
prisma:query INSERT INTO `property` (`id`,`title`,`description`,`pricePerNight`,`address`,`imageUrl`,`ownerId`,`createdAt`,`updatedAt`) VALUES (?,?,?,?,?,?,?,?,?)
prisma:query SELECT `property`.`id`, `property`.`title`, `property`.`description`, `property`.`pricePerNight`, `property`.`address`, `property`.`imageUrl`, `property`.`ownerId`, `property`.`createdAt`, `property`.`updatedAt` FROM `property` WHERE `property`.`id` = ? LIMIT ? OFFSET ?
prisma:query COMMIT
18:01:14 [[32minfo[39m]: Property created successfully {"service":"booking-app","userId":"ff0e33b5-e6e0-45ab-a418-400cc59be825","userEmail":"prop-tester-5106@example.com","userRole":"USER","context":"PROPERTY","propertyId":"5655c2cc-5476-403d-9ed0-58f18703e093","title":"Villa-622934"}
prisma:query SELECT `property`.`id`, `property`.`title`, `property`.`description`, `property`.`pricePerNight`, `property`.`address`, `property`.`imageUrl`, `property`.`ownerId`, `property`.`createdAt`, `property`.`updatedAt` FROM `property` WHERE 1=1
prisma:query SELECT `property`.`id`, `property`.`title`, `property`.`description`, `property`.`pricePerNight`, `property`.`address`, `property`.`imageUrl`, `property`.`ownerId`, `property`.`createdAt`, `property`.`updatedAt` FROM `property` WHERE 1=1
[VALIDATE] Validating body: {"name":"login-799989","email":"login-799989@example.com","password":"password123"}
[VALIDATE] Validation passed
18:02:46 [[32minfo[39m]: Registration attempt {"service":"booking-app","context":"AUTH","email":"login-799989@example.com"}
[REPOSITORY] Finding user by email: login-799989@example.com
prisma:query SELECT `user`.`id`, `user`.`email`, `user`.`name`, `user`.`password`, `user`.`createdAt`, `user`.`role`, `user`.`updatedAt` FROM `user` WHERE (`user`.`email` = ? AND 1=1) LIMIT ? OFFSET ?
[REPOSITORY] User not found: login-799989@example.com
[VALIDATE] Validating body: {"name":"Booking Tester","email":"book-41607@example.com","password":"password123"}
[VALIDATE] Validation passed
18:02:46 [[32minfo[39m]: Registration attempt {"service":"booking-app","context":"AUTH","email":"book-41607@example.com"}
[REPOSITORY] Finding user by email: book-41607@example.com
prisma:query SELECT `user`.`id`, `user`.`email`, `user`.`name`, `user`.`password`, `user`.`createdAt`, `user`.`role`, `user`.`updatedAt` FROM `user` WHERE (`user`.`email` = ? AND 1=1) LIMIT ? OFFSET ?
[REPOSITORY] User not found: book-41607@example.com
[REPOSITORY] Creating user: login-799989@example.com
prisma:query INSERT INTO `user` (`id`,`email`,`name`,`password`,`createdAt`,`role`,`updatedAt`) VALUES (?,?,?,?,?,?,?)
prisma:query SELECT `user`.`id`, `user`.`email`, `user`.`name`, `user`.`password`, `user`.`createdAt`, `user`.`role`, `user`.`updatedAt` FROM `user` WHERE `user`.`id` = ? LIMIT ? OFFSET ?
prisma:query COMMIT
[REPOSITORY] User created: 386f1df9-771a-4a17-89be-2c402476440f
18:02:46 [[32minfo[39m]: User created successfully {"service":"booking-app","context":"AUTH","userId":"386f1df9-771a-4a17-89be-2c402476440f","email":"login-799989@example.com"}
18:02:46 [[32minfo[39m]: Creating refresh token {"service":"booking-app","context":"AUTH","userId":"386f1df9-771a-4a17-89be-2c402476440f"}
[REFRESH_REPO] Creating refresh token for user: 386f1df9-771a-4a17-89be-2c402476440f
[VALIDATE] Validating body: {"name":"reg-836444","email":"reg-836444@example.com","password":"password123"}
[VALIDATE] Validation passed
18:02:46 [[32minfo[39m]: Registration attempt {"service":"booking-app","context":"AUTH","email":"reg-836444@example.com"}
[REPOSITORY] Finding user by email: reg-836444@example.com
prisma:query INSERT INTO `refreshtoken` (`id`,`token`,`userId`,`expiresAt`,`createdAt`) VALUES (?,?,?,?,?)
prisma:query SELECT `refreshtoken`.`id`, `refreshtoken`.`token`, `refreshtoken`.`userId`, `refreshtoken`.`expiresAt`, `refreshtoken`.`createdAt` FROM `refreshtoken` WHERE `refreshtoken`.`id` = ? LIMIT ? OFFSET ?
prisma:query SELECT `user`.`id`, `user`.`email`, `user`.`name`, `user`.`password`, `user`.`createdAt`, `user`.`role`, `user`.`updatedAt` FROM `user` WHERE (`user`.`email` = ? AND 1=1) LIMIT ? OFFSET ?
[REPOSITORY] User not found: reg-836444@example.com
prisma:query COMMIT
[REFRESH_REPO] Refresh token created: eaabec85-31c3-4af2-ba24-68ae3195783d
18:02:46 [[32minfo[39m]: Refresh token created {"service":"booking-app","context":"AUTH","userId":"386f1df9-771a-4a17-89be-2c402476440f"}
18:02:46 [[32minfo[39m]: Registration successful {"service":"booking-app","context":"AUTH","email":"login-799989@example.com","userId":"386f1df9-771a-4a17-89be-2c402476440f"}
[REPOSITORY] Creating user: book-41607@example.com
prisma:query INSERT INTO `user` (`id`,`email`,`name`,`password`,`createdAt`,`role`,`updatedAt`) VALUES (?,?,?,?,?,?,?)
prisma:query SELECT `user`.`id`, `user`.`email`, `user`.`name`, `user`.`password`, `user`.`createdAt`, `user`.`role`, `user`.`updatedAt` FROM `user` WHERE `user`.`id` = ? LIMIT ? OFFSET ?
prisma:query COMMIT
[REPOSITORY] User created: 6f0fced7-5b05-4eca-9df6-831795cfb47b
18:02:46 [[32minfo[39m]: User created successfully {"service":"booking-app","context":"AUTH","userId":"6f0fced7-5b05-4eca-9df6-831795cfb47b","email":"book-41607@example.com"}
18:02:46 [[32minfo[39m]: Creating refresh token {"service":"booking-app","context":"AUTH","userId":"6f0fced7-5b05-4eca-9df6-831795cfb47b"}
[REFRESH_REPO] Creating refresh token for user: 6f0fced7-5b05-4eca-9df6-831795cfb47b
prisma:query INSERT INTO `refreshtoken` (`id`,`token`,`userId`,`expiresAt`,`createdAt`) VALUES (?,?,?,?,?)
prisma:query SELECT `refreshtoken`.`id`, `refreshtoken`.`token`, `refreshtoken`.`userId`, `refreshtoken`.`expiresAt`, `refreshtoken`.`createdAt` FROM `refreshtoken` WHERE `refreshtoken`.`id` = ? LIMIT ? OFFSET ?
prisma:query COMMIT
[REFRESH_REPO] Refresh token created: 71e31716-c903-4dd8-82b6-b785907520c3
18:02:46 [[32minfo[39m]: Refresh token created {"service":"booking-app","context":"AUTH","userId":"6f0fced7-5b05-4eca-9df6-831795cfb47b"}
18:02:46 [[32minfo[39m]: Registration successful {"service":"booking-app","context":"AUTH","email":"book-41607@example.com","userId":"6f0fced7-5b05-4eca-9df6-831795cfb47b"}
[VALIDATE] Validating body: {"name":"Property Tester","email":"prop-tester-965898@example.com","password":"password123"}
[VALIDATE] Validation passed
18:02:46 [[32minfo[39m]: Registration attempt {"service":"booking-app","context":"AUTH","email":"prop-tester-965898@example.com"}
[REPOSITORY] Finding user by email: prop-tester-965898@example.com
[REPOSITORY] Creating user: reg-836444@example.com
prisma:query SELECT `user`.`id`, `user`.`email`, `user`.`name`, `user`.`password`, `user`.`createdAt`, `user`.`role`, `user`.`updatedAt` FROM `user` WHERE (`user`.`email` = ? AND 1=1) LIMIT ? OFFSET ?
[REPOSITORY] User not found: prop-tester-965898@example.com
prisma:query INSERT INTO `user` (`id`,`email`,`name`,`password`,`createdAt`,`role`,`updatedAt`) VALUES (?,?,?,?,?,?,?)
prisma:query SELECT `user`.`id`, `user`.`email`, `user`.`name`, `user`.`password`, `user`.`createdAt`, `user`.`role`, `user`.`updatedAt` FROM `user` WHERE `user`.`id` = ? LIMIT ? OFFSET ?
prisma:query COMMIT
[REPOSITORY] User created: ef6a9e5c-f75e-4463-9ac1-c668ed3e055e
18:02:46 [[32minfo[39m]: User created successfully {"service":"booking-app","context":"AUTH","userId":"ef6a9e5c-f75e-4463-9ac1-c668ed3e055e","email":"reg-836444@example.com"}
18:02:46 [[32minfo[39m]: Creating refresh token {"service":"booking-app","context":"AUTH","userId":"ef6a9e5c-f75e-4463-9ac1-c668ed3e055e"}
[REFRESH_REPO] Creating refresh token for user: ef6a9e5c-f75e-4463-9ac1-c668ed3e055e
prisma:query INSERT INTO `refreshtoken` (`id`,`token`,`userId`,`expiresAt`,`createdAt`) VALUES (?,?,?,?,?)
prisma:query SELECT `refreshtoken`.`id`, `refreshtoken`.`token`, `refreshtoken`.`userId`, `refreshtoken`.`expiresAt`, `refreshtoken`.`createdAt` FROM `refreshtoken` WHERE `refreshtoken`.`id` = ? LIMIT ? OFFSET ?
prisma:query COMMIT
[REFRESH_REPO] Refresh token created: 40ad09c6-4298-4544-b348-371188e800da
18:02:46 [[32minfo[39m]: Refresh token created {"service":"booking-app","context":"AUTH","userId":"ef6a9e5c-f75e-4463-9ac1-c668ed3e055e"}
18:02:46 [[32minfo[39m]: Registration successful {"service":"booking-app","context":"AUTH","email":"reg-836444@example.com","userId":"ef6a9e5c-f75e-4463-9ac1-c668ed3e055e"}
prisma:query SELECT `property`.`id`, `property`.`title`, `property`.`description`, `property`.`pricePerNight`, `property`.`address`, `property`.`imageUrl`, `property`.`ownerId`, `property`.`createdAt`, `property`.`updatedAt` FROM `property` WHERE 1=1
prisma:query SELECT `property`.`id`, `property`.`title`, `property`.`description`, `property`.`pricePerNight`, `property`.`address`, `property`.`imageUrl`, `property`.`ownerId`, `property`.`createdAt`, `property`.`updatedAt` FROM `property` WHERE 1=1
[REPOSITORY] Creating user: prop-tester-965898@example.com
prisma:query INSERT INTO `user` (`id`,`email`,`name`,`password`,`createdAt`,`role`,`updatedAt`) VALUES (?,?,?,?,?,?,?)
prisma:query SELECT `user`.`id`, `user`.`email`, `user`.`name`, `user`.`password`, `user`.`createdAt`, `user`.`role`, `user`.`updatedAt` FROM `user` WHERE `user`.`id` = ? LIMIT ? OFFSET ?
prisma:query COMMIT
[REPOSITORY] User created: 614b5f15-0eac-46b3-8000-ce22ac83360c
18:02:46 [[32minfo[39m]: User created successfully {"service":"booking-app","context":"AUTH","userId":"614b5f15-0eac-46b3-8000-ce22ac83360c","email":"prop-tester-965898@example.com"}
18:02:46 [[32minfo[39m]: Creating refresh token {"service":"booking-app","context":"AUTH","userId":"614b5f15-0eac-46b3-8000-ce22ac83360c"}
[REFRESH_REPO] Creating refresh token for user: 614b5f15-0eac-46b3-8000-ce22ac83360c
prisma:query INSERT INTO `refreshtoken` (`id`,`token`,`userId`,`expiresAt`,`createdAt`) VALUES (?,?,?,?,?)
prisma:query SELECT `refreshtoken`.`id`, `refreshtoken`.`token`, `refreshtoken`.`userId`, `refreshtoken`.`expiresAt`, `refreshtoken`.`createdAt` FROM `refreshtoken` WHERE `refreshtoken`.`id` = ? LIMIT ? OFFSET ?
prisma:query COMMIT
[REFRESH_REPO] Refresh token created: 0e377f08-c3e4-4a39-95fd-60f6d7c6c16e
18:02:46 [[32minfo[39m]: Refresh token created {"service":"booking-app","context":"AUTH","userId":"614b5f15-0eac-46b3-8000-ce22ac83360c"}
18:02:46 [[32minfo[39m]: Registration successful {"service":"booking-app","context":"AUTH","email":"prop-tester-965898@example.com","userId":"614b5f15-0eac-46b3-8000-ce22ac83360c"}
prisma:query SELECT `property`.`id`, `property`.`title`, `property`.`description`, `property`.`pricePerNight`, `property`.`address`, `property`.`imageUrl`, `property`.`ownerId`, `property`.`createdAt`, `property`.`updatedAt` FROM `property` WHERE 1=1
prisma:query SELECT `property`.`id`, `property`.`title`, `property`.`description`, `property`.`pricePerNight`, `property`.`address`, `property`.`imageUrl`, `property`.`ownerId`, `property`.`createdAt`, `property`.`updatedAt` FROM `property` WHERE 1=1
18:02:47 [[32minfo[39m]: Creating property {"service":"booking-app","userId":"614b5f15-0eac-46b3-8000-ce22ac83360c","userEmail":"prop-tester-965898@example.com","userRole":"USER","context":"PROPERTY","title":"Villa-891801","ownerId":"614b5f15-0eac-46b3-8000-ce22ac83360c"}
prisma:query SELECT `property`.`id`, `property`.`title`, `property`.`description`, `property`.`pricePerNight`, `property`.`address`, `property`.`imageUrl`, `property`.`ownerId`, `property`.`createdAt`, `property`.`updatedAt` FROM `property` WHERE (`property`.`id` = ? AND 1=1) LIMIT ? OFFSET ?
prisma:query INSERT INTO `property` (`id`,`title`,`description`,`pricePerNight`,`address`,`imageUrl`,`ownerId`,`createdAt`,`updatedAt`) VALUES (?,?,?,?,?,?,?,?,?)
prisma:query SELECT `property`.`id`, `property`.`title`, `property`.`description`, `property`.`pricePerNight`, `property`.`address`, `property`.`imageUrl`, `property`.`ownerId`, `property`.`createdAt`, `property`.`updatedAt` FROM `property` WHERE `property`.`id` = ? LIMIT ? OFFSET ?
prisma:query COMMIT
18:02:47 [[32minfo[39m]: Property created successfully {"service":"booking-app","userId":"614b5f15-0eac-46b3-8000-ce22ac83360c","userEmail":"prop-tester-965898@example.com","userRole":"USER","context":"PROPERTY","propertyId":"94013c99-e432-4591-af9f-93371bd64cfa","title":"Villa-891801"}
[REPOSITORY] Finding user by id: 386f1df9-771a-4a17-89be-2c402476440f
prisma:query SELECT `user`.`id`, `user`.`email`, `user`.`name`, `user`.`password`, `user`.`createdAt`, `user`.`role`, `user`.`updatedAt` FROM `user` WHERE (`user`.`id` = ? AND 1=1) LIMIT ? OFFSET ?
18:02:47 [[32minfo[39m]: Get me successful {"service":"booking-app","userId":"386f1df9-771a-4a17-89be-2c402476440f","userEmail":"login-799989@example.com","userRole":"USER","context":"AUTH","email":"login-799989@example.com"}
[VALIDATE] Validating body: {"email":"login-799989@example.com","password":"password123"}
[VALIDATE] Validation passed
18:02:47 [[32minfo[39m]: Login attempt {"service":"booking-app","context":"AUTH","email":"login-799989@example.com"}
[REPOSITORY] Finding user by email: login-799989@example.com
prisma:query SELECT `user`.`id`, `user`.`email`, `user`.`name`, `user`.`password`, `user`.`createdAt`, `user`.`role`, `user`.`updatedAt` FROM `user` WHERE (`user`.`email` = ? AND 1=1) LIMIT ? OFFSET ?
[REPOSITORY] User found: 386f1df9-771a-4a17-89be-2c402476440f
18:02:47 [[32minfo[39m]: Login successful {"service":"booking-app","context":"AUTH","userId":"386f1df9-771a-4a17-89be-2c402476440f","email":"login-799989@example.com"}
18:02:47 [[32minfo[39m]: Creating refresh token {"service":"booking-app","context":"AUTH","userId":"386f1df9-771a-4a17-89be-2c402476440f"}
[REFRESH_REPO] Creating refresh token for user: 386f1df9-771a-4a17-89be-2c402476440f
prisma:query INSERT INTO `refreshtoken` (`id`,`token`,`userId`,`expiresAt`,`createdAt`) VALUES (?,?,?,?,?)
prisma:query SELECT `refreshtoken`.`id`, `refreshtoken`.`token`, `refreshtoken`.`userId`, `refreshtoken`.`expiresAt`, `refreshtoken`.`createdAt` FROM `refreshtoken` WHERE `refreshtoken`.`id` = ? LIMIT ? OFFSET ?
prisma:query COMMIT
[REFRESH_REPO] Refresh token created: a28b9729-37e1-4c7e-bd6a-f2ef876aa4c4
18:02:47 [[32minfo[39m]: Refresh token created {"service":"booking-app","context":"AUTH","userId":"386f1df9-771a-4a17-89be-2c402476440f"}
18:02:47 [[32minfo[39m]: Login successful {"service":"booking-app","context":"AUTH","email":"login-799989@example.com","userId":"386f1df9-771a-4a17-89be-2c402476440f"}
[VALIDATE] Validating body: {"name":"reg-311963","email":"reg-311963@example.com","password":"password123"}
[VALIDATE] Validation passed
18:02:47 [[32minfo[39m]: Registration attempt {"service":"booking-app","context":"AUTH","email":"reg-311963@example.com"}
[REPOSITORY] Finding user by email: reg-311963@example.com
prisma:query SELECT `user`.`id`, `user`.`email`, `user`.`name`, `user`.`password`, `user`.`createdAt`, `user`.`role`, `user`.`updatedAt` FROM `user` WHERE (`user`.`email` = ? AND 1=1) LIMIT ? OFFSET ?
[REPOSITORY] User not found: reg-311963@example.com
[REPOSITORY] Creating user: reg-311963@example.com
prisma:query INSERT INTO `user` (`id`,`email`,`name`,`password`,`createdAt`,`role`,`updatedAt`) VALUES (?,?,?,?,?,?,?)
prisma:query SELECT `user`.`id`, `user`.`email`, `user`.`name`, `user`.`password`, `user`.`createdAt`, `user`.`role`, `user`.`updatedAt` FROM `user` WHERE `user`.`id` = ? LIMIT ? OFFSET ?
prisma:query COMMIT
[REPOSITORY] User created: d5620e1f-ecb4-41d1-b8e9-913059e8c4f6
18:02:47 [[32minfo[39m]: User created successfully {"service":"booking-app","context":"AUTH","userId":"d5620e1f-ecb4-41d1-b8e9-913059e8c4f6","email":"reg-311963@example.com"}
18:02:47 [[32minfo[39m]: Creating refresh token {"service":"booking-app","context":"AUTH","userId":"d5620e1f-ecb4-41d1-b8e9-913059e8c4f6"}
[REFRESH_REPO] Creating refresh token for user: d5620e1f-ecb4-41d1-b8e9-913059e8c4f6
prisma:query INSERT INTO `refreshtoken` (`id`,`token`,`userId`,`expiresAt`,`createdAt`) VALUES (?,?,?,?,?)
prisma:query SELECT `refreshtoken`.`id`, `refreshtoken`.`token`, `refreshtoken`.`userId`, `refreshtoken`.`expiresAt`, `refreshtoken`.`createdAt` FROM `refreshtoken` WHERE `refreshtoken`.`id` = ? LIMIT ? OFFSET ?
prisma:query COMMIT
[REFRESH_REPO] Refresh token created: fbae9282-052a-4b3e-9dab-a4ecedf50cc6
18:02:47 [[32minfo[39m]: Refresh token created {"service":"booking-app","context":"AUTH","userId":"d5620e1f-ecb4-41d1-b8e9-913059e8c4f6"}
18:02:47 [[32minfo[39m]: Registration successful {"service":"booking-app","context":"AUTH","email":"reg-311963@example.com","userId":"d5620e1f-ecb4-41d1-b8e9-913059e8c4f6"}
prisma:query SELECT `property`.`id`, `property`.`title`, `property`.`description`, `property`.`pricePerNight`, `property`.`address`, `property`.`imageUrl`, `property`.`ownerId`, `property`.`createdAt`, `property`.`updatedAt` FROM `property` WHERE 1=1
prisma:query SELECT `property`.`id`, `property`.`title`, `property`.`description`, `property`.`pricePerNight`, `property`.`address`, `property`.`imageUrl`, `property`.`ownerId`, `property`.`createdAt`, `property`.`updatedAt` FROM `property` WHERE 1=1
[VALIDATE] Validating body: {"name":"Booking Tester","email":"book-186102@example.com","password":"password123"}
[VALIDATE] Validation passed
18:02:48 [[32minfo[39m]: Registration attempt {"service":"booking-app","context":"AUTH","email":"book-186102@example.com"}
[REPOSITORY] Finding user by email: book-186102@example.com
prisma:query SELECT `user`.`id`, `user`.`email`, `user`.`name`, `user`.`password`, `user`.`createdAt`, `user`.`role`, `user`.`updatedAt` FROM `user` WHERE (`user`.`email` = ? AND 1=1) LIMIT ? OFFSET ?
[REPOSITORY] User not found: book-186102@example.com
[REPOSITORY] Creating user: book-186102@example.com
prisma:query INSERT INTO `user` (`id`,`email`,`name`,`password`,`createdAt`,`role`,`updatedAt`) VALUES (?,?,?,?,?,?,?)
prisma:query SELECT `user`.`id`, `user`.`email`, `user`.`name`, `user`.`password`, `user`.`createdAt`, `user`.`role`, `user`.`updatedAt` FROM `user` WHERE `user`.`id` = ? LIMIT ? OFFSET ?
prisma:query COMMIT
[REPOSITORY] User created: 2232319f-9d94-4b39-b9b7-99807581b105
18:02:48 [[32minfo[39m]: User created successfully {"service":"booking-app","context":"AUTH","userId":"2232319f-9d94-4b39-b9b7-99807581b105","email":"book-186102@example.com"}
18:02:48 [[32minfo[39m]: Creating refresh token {"service":"booking-app","context":"AUTH","userId":"2232319f-9d94-4b39-b9b7-99807581b105"}
[REFRESH_REPO] Creating refresh token for user: 2232319f-9d94-4b39-b9b7-99807581b105
prisma:query INSERT INTO `refreshtoken` (`id`,`token`,`userId`,`expiresAt`,`createdAt`) VALUES (?,?,?,?,?)
prisma:query SELECT `refreshtoken`.`id`, `refreshtoken`.`token`, `refreshtoken`.`userId`, `refreshtoken`.`expiresAt`, `refreshtoken`.`createdAt` FROM `refreshtoken` WHERE `refreshtoken`.`id` = ? LIMIT ? OFFSET ?
prisma:query COMMIT
[REFRESH_REPO] Refresh token created: fa17f07c-b506-4b51-aa87-57a09e089cae
18:02:48 [[32minfo[39m]: Refresh token created {"service":"booking-app","context":"AUTH","userId":"2232319f-9d94-4b39-b9b7-99807581b105"}
18:02:48 [[32minfo[39m]: Registration successful {"service":"booking-app","context":"AUTH","email":"book-186102@example.com","userId":"2232319f-9d94-4b39-b9b7-99807581b105"}
[VALIDATE] Validating body: {"name":"login-994327","email":"login-994327@example.com","password":"password123"}
[VALIDATE] Validation passed
18:02:48 [[32minfo[39m]: Registration attempt {"service":"booking-app","context":"AUTH","email":"login-994327@example.com"}
[REPOSITORY] Finding user by email: login-994327@example.com
prisma:query SELECT `user`.`id`, `user`.`email`, `user`.`name`, `user`.`password`, `user`.`createdAt`, `user`.`role`, `user`.`updatedAt` FROM `user` WHERE (`user`.`email` = ? AND 1=1) LIMIT ? OFFSET ?
[REPOSITORY] User not found: login-994327@example.com
[REPOSITORY] Creating user: login-994327@example.com
prisma:query INSERT INTO `user` (`id`,`email`,`name`,`password`,`createdAt`,`role`,`updatedAt`) VALUES (?,?,?,?,?,?,?)
prisma:query SELECT `user`.`id`, `user`.`email`, `user`.`name`, `user`.`password`, `user`.`createdAt`, `user`.`role`, `user`.`updatedAt` FROM `user` WHERE `user`.`id` = ? LIMIT ? OFFSET ?
prisma:query COMMIT
[REPOSITORY] User created: f1fcbae1-8c2e-4519-9310-dfd732642810
18:02:48 [[32minfo[39m]: User created successfully {"service":"booking-app","context":"AUTH","userId":"f1fcbae1-8c2e-4519-9310-dfd732642810","email":"login-994327@example.com"}
18:02:48 [[32minfo[39m]: Creating refresh token {"service":"booking-app","context":"AUTH","userId":"f1fcbae1-8c2e-4519-9310-dfd732642810"}
[REFRESH_REPO] Creating refresh token for user: f1fcbae1-8c2e-4519-9310-dfd732642810
prisma:query INSERT INTO `refreshtoken` (`id`,`token`,`userId`,`expiresAt`,`createdAt`) VALUES (?,?,?,?,?)
prisma:query SELECT `refreshtoken`.`id`, `refreshtoken`.`token`, `refreshtoken`.`userId`, `refreshtoken`.`expiresAt`, `refreshtoken`.`createdAt` FROM `refreshtoken` WHERE `refreshtoken`.`id` = ? LIMIT ? OFFSET ?
prisma:query COMMIT
[REFRESH_REPO] Refresh token created: e019d182-5697-4f87-bc85-27dd43aab865
18:02:48 [[32minfo[39m]: Refresh token created {"service":"booking-app","context":"AUTH","userId":"f1fcbae1-8c2e-4519-9310-dfd732642810"}
18:02:48 [[32minfo[39m]: Registration successful {"service":"booking-app","context":"AUTH","email":"login-994327@example.com","userId":"f1fcbae1-8c2e-4519-9310-dfd732642810"}
prisma:query SELECT `property`.`id`, `property`.`title`, `property`.`description`, `property`.`pricePerNight`, `property`.`address`, `property`.`imageUrl`, `property`.`ownerId`, `property`.`createdAt`, `property`.`updatedAt` FROM `property` WHERE 1=1
prisma:query SELECT `property`.`id`, `property`.`title`, `property`.`description`, `property`.`pricePerNight`, `property`.`address`, `property`.`imageUrl`, `property`.`ownerId`, `property`.`createdAt`, `property`.`updatedAt` FROM `property` WHERE 1=1
[REPOSITORY] Finding user by id: f1fcbae1-8c2e-4519-9310-dfd732642810
prisma:query SELECT `user`.`id`, `user`.`email`, `user`.`name`, `user`.`password`, `user`.`createdAt`, `user`.`role`, `user`.`updatedAt` FROM `user` WHERE (`user`.`id` = ? AND 1=1) LIMIT ? OFFSET ?
18:02:49 [[32minfo[39m]: Get me successful {"service":"booking-app","userId":"f1fcbae1-8c2e-4519-9310-dfd732642810","userEmail":"login-994327@example.com","userRole":"USER","context":"AUTH","email":"login-994327@example.com"}
[VALIDATE] Validating body: {"email":"login-994327@example.com","password":"password123"}
[VALIDATE] Validation passed
18:02:49 [[32minfo[39m]: Login attempt {"service":"booking-app","context":"AUTH","email":"login-994327@example.com"}
[REPOSITORY] Finding user by email: login-994327@example.com
prisma:query SELECT `user`.`id`, `user`.`email`, `user`.`name`, `user`.`password`, `user`.`createdAt`, `user`.`role`, `user`.`updatedAt` FROM `user` WHERE (`user`.`email` = ? AND 1=1) LIMIT ? OFFSET ?
[REPOSITORY] User found: f1fcbae1-8c2e-4519-9310-dfd732642810
18:02:49 [[32minfo[39m]: Login successful {"service":"booking-app","context":"AUTH","userId":"f1fcbae1-8c2e-4519-9310-dfd732642810","email":"login-994327@example.com"}
18:02:49 [[32minfo[39m]: Creating refresh token {"service":"booking-app","context":"AUTH","userId":"f1fcbae1-8c2e-4519-9310-dfd732642810"}
[REFRESH_REPO] Creating refresh token for user: f1fcbae1-8c2e-4519-9310-dfd732642810
prisma:query INSERT INTO `refreshtoken` (`id`,`token`,`userId`,`expiresAt`,`createdAt`) VALUES (?,?,?,?,?)
prisma:query SELECT `refreshtoken`.`id`, `refreshtoken`.`token`, `refreshtoken`.`userId`, `refreshtoken`.`expiresAt`, `refreshtoken`.`createdAt` FROM `refreshtoken` WHERE `refreshtoken`.`id` = ? LIMIT ? OFFSET ?
prisma:query COMMIT
[REFRESH_REPO] Refresh token created: 222936b1-33d4-43e8-a5b1-8f6a9b7862ec
18:02:49 [[32minfo[39m]: Refresh token created {"service":"booking-app","context":"AUTH","userId":"f1fcbae1-8c2e-4519-9310-dfd732642810"}
18:02:49 [[32minfo[39m]: Login successful {"service":"booking-app","context":"AUTH","email":"login-994327@example.com","userId":"f1fcbae1-8c2e-4519-9310-dfd732642810"}
prisma:query SELECT `property`.`id`, `property`.`title`, `property`.`description`, `property`.`pricePerNight`, `property`.`address`, `property`.`imageUrl`, `property`.`ownerId`, `property`.`createdAt`, `property`.`updatedAt` FROM `property` WHERE 1=1
prisma:query SELECT `property`.`id`, `property`.`title`, `property`.`description`, `property`.`pricePerNight`, `property`.`address`, `property`.`imageUrl`, `property`.`ownerId`, `property`.`createdAt`, `property`.`updatedAt` FROM `property` WHERE 1=1
prisma:query SELECT `property`.`id`, `property`.`title`, `property`.`description`, `property`.`pricePerNight`, `property`.`address`, `property`.`imageUrl`, `property`.`ownerId`, `property`.`createdAt`, `property`.`updatedAt` FROM `property` WHERE 1=1
[VALIDATE] Validating body: {"name":"reg-330875","email":"reg-330875@example.com","password":"password123"}
[VALIDATE] Validation passed
18:02:50 [[32minfo[39m]: Registration attempt {"service":"booking-app","context":"AUTH","email":"reg-330875@example.com"}
[REPOSITORY] Finding user by email: reg-330875@example.com
prisma:query SELECT `user`.`id`, `user`.`email`, `user`.`name`, `user`.`password`, `user`.`createdAt`, `user`.`role`, `user`.`updatedAt` FROM `user` WHERE (`user`.`email` = ? AND 1=1) LIMIT ? OFFSET ?
[REPOSITORY] User not found: reg-330875@example.com
[REPOSITORY] Creating user: reg-330875@example.com
prisma:query INSERT INTO `user` (`id`,`email`,`name`,`password`,`createdAt`,`role`,`updatedAt`) VALUES (?,?,?,?,?,?,?)
prisma:query SELECT `user`.`id`, `user`.`email`, `user`.`name`, `user`.`password`, `user`.`createdAt`, `user`.`role`, `user`.`updatedAt` FROM `user` WHERE `user`.`id` = ? LIMIT ? OFFSET ?
prisma:query COMMIT
[REPOSITORY] User created: 5332ada1-0038-43f5-a11c-d65de8380c39
18:02:50 [[32minfo[39m]: User created successfully {"service":"booking-app","context":"AUTH","userId":"5332ada1-0038-43f5-a11c-d65de8380c39","email":"reg-330875@example.com"}
18:02:50 [[32minfo[39m]: Creating refresh token {"service":"booking-app","context":"AUTH","userId":"5332ada1-0038-43f5-a11c-d65de8380c39"}
[REFRESH_REPO] Creating refresh token for user: 5332ada1-0038-43f5-a11c-d65de8380c39
prisma:query INSERT INTO `refreshtoken` (`id`,`token`,`userId`,`expiresAt`,`createdAt`) VALUES (?,?,?,?,?)
prisma:query SELECT `refreshtoken`.`id`, `refreshtoken`.`token`, `refreshtoken`.`userId`, `refreshtoken`.`expiresAt`, `refreshtoken`.`createdAt` FROM `refreshtoken` WHERE `refreshtoken`.`id` = ? LIMIT ? OFFSET ?
prisma:query COMMIT
[REFRESH_REPO] Refresh token created: f60eb23d-66e1-4453-a453-a98fc84de753
18:02:50 [[32minfo[39m]: Refresh token created {"service":"booking-app","context":"AUTH","userId":"5332ada1-0038-43f5-a11c-d65de8380c39"}
18:02:50 [[32minfo[39m]: Registration successful {"service":"booking-app","context":"AUTH","email":"reg-330875@example.com","userId":"5332ada1-0038-43f5-a11c-d65de8380c39"}
[VALIDATE] Validating body: {"name":"Property Tester","email":"prop-tester-670992@example.com","password":"password123"}
[VALIDATE] Validation passed
18:02:51 [[32minfo[39m]: Registration attempt {"service":"booking-app","context":"AUTH","email":"prop-tester-670992@example.com"}
[REPOSITORY] Finding user by email: prop-tester-670992@example.com
prisma:query SELECT `user`.`id`, `user`.`email`, `user`.`name`, `user`.`password`, `user`.`createdAt`, `user`.`role`, `user`.`updatedAt` FROM `user` WHERE (`user`.`email` = ? AND 1=1) LIMIT ? OFFSET ?
[REPOSITORY] User not found: prop-tester-670992@example.com
[REPOSITORY] Creating user: prop-tester-670992@example.com
prisma:query INSERT INTO `user` (`id`,`email`,`name`,`password`,`createdAt`,`role`,`updatedAt`) VALUES (?,?,?,?,?,?,?)
prisma:query SELECT `user`.`id`, `user`.`email`, `user`.`name`, `user`.`password`, `user`.`createdAt`, `user`.`role`, `user`.`updatedAt` FROM `user` WHERE `user`.`id` = ? LIMIT ? OFFSET ?
prisma:query COMMIT
[REPOSITORY] User created: 9ca46517-7520-4919-b09d-286337834fa6
18:02:51 [[32minfo[39m]: User created successfully {"service":"booking-app","context":"AUTH","userId":"9ca46517-7520-4919-b09d-286337834fa6","email":"prop-tester-670992@example.com"}
18:02:51 [[32minfo[39m]: Creating refresh token {"service":"booking-app","context":"AUTH","userId":"9ca46517-7520-4919-b09d-286337834fa6"}
[REFRESH_REPO] Creating refresh token for user: 9ca46517-7520-4919-b09d-286337834fa6
prisma:query INSERT INTO `refreshtoken` (`id`,`token`,`userId`,`expiresAt`,`createdAt`) VALUES (?,?,?,?,?)
prisma:query SELECT `refreshtoken`.`id`, `refreshtoken`.`token`, `refreshtoken`.`userId`, `refreshtoken`.`expiresAt`, `refreshtoken`.`createdAt` FROM `refreshtoken` WHERE `refreshtoken`.`id` = ? LIMIT ? OFFSET ?
prisma:query COMMIT
[REFRESH_REPO] Refresh token created: c81eeddc-e86c-46aa-8abc-f719c9d59c40
18:02:51 [[32minfo[39m]: Refresh token created {"service":"booking-app","context":"AUTH","userId":"9ca46517-7520-4919-b09d-286337834fa6"}
18:02:51 [[32minfo[39m]: Registration successful {"service":"booking-app","context":"AUTH","email":"prop-tester-670992@example.com","userId":"9ca46517-7520-4919-b09d-286337834fa6"}
prisma:query SELECT `property`.`id`, `property`.`title`, `property`.`description`, `property`.`pricePerNight`, `property`.`address`, `property`.`imageUrl`, `property`.`ownerId`, `property`.`createdAt`, `property`.`updatedAt` FROM `property` WHERE 1=1
prisma:query SELECT `property`.`id`, `property`.`title`, `property`.`description`, `property`.`pricePerNight`, `property`.`address`, `property`.`imageUrl`, `property`.`ownerId`, `property`.`createdAt`, `property`.`updatedAt` FROM `property` WHERE 1=1
prisma:query SELECT `property`.`id`, `property`.`title`, `property`.`description`, `property`.`pricePerNight`, `property`.`address`, `property`.`imageUrl`, `property`.`ownerId`, `property`.`createdAt`, `property`.`updatedAt` FROM `property` WHERE 1=1
[VALIDATE] Validating body: {"name":"login-582638","email":"login-582638@example.com","password":"password123"}
[VALIDATE] Validation passed
18:02:51 [[32minfo[39m]: Registration attempt {"service":"booking-app","context":"AUTH","email":"login-582638@example.com"}
[REPOSITORY] Finding user by email: login-582638@example.com
prisma:query SELECT `user`.`id`, `user`.`email`, `user`.`name`, `user`.`password`, `user`.`createdAt`, `user`.`role`, `user`.`updatedAt` FROM `user` WHERE (`user`.`email` = ? AND 1=1) LIMIT ? OFFSET ?
[REPOSITORY] User not found: login-582638@example.com
[REPOSITORY] Creating user: login-582638@example.com
prisma:query INSERT INTO `user` (`id`,`email`,`name`,`password`,`createdAt`,`role`,`updatedAt`) VALUES (?,?,?,?,?,?,?)
prisma:query SELECT `user`.`id`, `user`.`email`, `user`.`name`, `user`.`password`, `user`.`createdAt`, `user`.`role`, `user`.`updatedAt` FROM `user` WHERE `user`.`id` = ? LIMIT ? OFFSET ?
prisma:query COMMIT
[REPOSITORY] User created: deac5b39-f655-4214-9bb5-46e8149a695a
18:02:51 [[32minfo[39m]: User created successfully {"service":"booking-app","context":"AUTH","userId":"deac5b39-f655-4214-9bb5-46e8149a695a","email":"login-582638@example.com"}
18:02:51 [[32minfo[39m]: Creating refresh token {"service":"booking-app","context":"AUTH","userId":"deac5b39-f655-4214-9bb5-46e8149a695a"}
[REFRESH_REPO] Creating refresh token for user: deac5b39-f655-4214-9bb5-46e8149a695a
prisma:query INSERT INTO `refreshtoken` (`id`,`token`,`userId`,`expiresAt`,`createdAt`) VALUES (?,?,?,?,?)
prisma:query SELECT `refreshtoken`.`id`, `refreshtoken`.`token`, `refreshtoken`.`userId`, `refreshtoken`.`expiresAt`, `refreshtoken`.`createdAt` FROM `refreshtoken` WHERE `refreshtoken`.`id` = ? LIMIT ? OFFSET ?
prisma:query COMMIT
[REFRESH_REPO] Refresh token created: 1ec3ccc1-4359-4648-a04b-9aec4c9eec0a
18:02:51 [[32minfo[39m]: Refresh token created {"service":"booking-app","context":"AUTH","userId":"deac5b39-f655-4214-9bb5-46e8149a695a"}
18:02:51 [[32minfo[39m]: Registration successful {"service":"booking-app","context":"AUTH","email":"login-582638@example.com","userId":"deac5b39-f655-4214-9bb5-46e8149a695a"}
prisma:query SELECT `property`.`id`, `property`.`title`, `property`.`description`, `property`.`pricePerNight`, `property`.`address`, `property`.`imageUrl`, `property`.`ownerId`, `property`.`createdAt`, `property`.`updatedAt` FROM `property` WHERE 1=1
prisma:query SELECT `property`.`id`, `property`.`title`, `property`.`description`, `property`.`pricePerNight`, `property`.`address`, `property`.`imageUrl`, `property`.`ownerId`, `property`.`createdAt`, `property`.`updatedAt` FROM `property` WHERE 1=1
[VALIDATE] Validating body: {"name":"Booking Tester","email":"book-443560@example.com","password":"password123"}
[VALIDATE] Validation passed
18:02:51 [[32minfo[39m]: Registration attempt {"service":"booking-app","context":"AUTH","email":"book-443560@example.com"}
[REPOSITORY] Finding user by email: book-443560@example.com
prisma:query SELECT `user`.`id`, `user`.`email`, `user`.`name`, `user`.`password`, `user`.`createdAt`, `user`.`role`, `user`.`updatedAt` FROM `user` WHERE (`user`.`email` = ? AND 1=1) LIMIT ? OFFSET ?
[REPOSITORY] User not found: book-443560@example.com
[REPOSITORY] Creating user: book-443560@example.com
prisma:query INSERT INTO `user` (`id`,`email`,`name`,`password`,`createdAt`,`role`,`updatedAt`) VALUES (?,?,?,?,?,?,?)
prisma:query SELECT `user`.`id`, `user`.`email`, `user`.`name`, `user`.`password`, `user`.`createdAt`, `user`.`role`, `user`.`updatedAt` FROM `user` WHERE `user`.`id` = ? LIMIT ? OFFSET ?
prisma:query COMMIT
[REPOSITORY] User created: 97e0c226-812a-465e-85fe-b3ab43fbaa14
18:02:51 [[32minfo[39m]: User created successfully {"service":"booking-app","context":"AUTH","userId":"97e0c226-812a-465e-85fe-b3ab43fbaa14","email":"book-443560@example.com"}
18:02:51 [[32minfo[39m]: Creating refresh token {"service":"booking-app","context":"AUTH","userId":"97e0c226-812a-465e-85fe-b3ab43fbaa14"}
[REFRESH_REPO] Creating refresh token for user: 97e0c226-812a-465e-85fe-b3ab43fbaa14
prisma:query INSERT INTO `refreshtoken` (`id`,`token`,`userId`,`expiresAt`,`createdAt`) VALUES (?,?,?,?,?)
prisma:query SELECT `refreshtoken`.`id`, `refreshtoken`.`token`, `refreshtoken`.`userId`, `refreshtoken`.`expiresAt`, `refreshtoken`.`createdAt` FROM `refreshtoken` WHERE `refreshtoken`.`id` = ? LIMIT ? OFFSET ?
prisma:query COMMIT
[REFRESH_REPO] Refresh token created: f0c5cd0f-0f9c-4e3b-9545-8c20406f6588
18:02:51 [[32minfo[39m]: Refresh token created {"service":"booking-app","context":"AUTH","userId":"97e0c226-812a-465e-85fe-b3ab43fbaa14"}
18:02:51 [[32minfo[39m]: Registration successful {"service":"booking-app","context":"AUTH","email":"book-443560@example.com","userId":"97e0c226-812a-465e-85fe-b3ab43fbaa14"}
[VALIDATE] Validating body: {"name":"Property Tester","email":"prop-tester-567971@example.com","password":"password123"}
[VALIDATE] Validation passed
18:02:52 [[32minfo[39m]: Registration attempt {"service":"booking-app","context":"AUTH","email":"prop-tester-567971@example.com"}
[REPOSITORY] Finding user by email: prop-tester-567971@example.com
prisma:query SELECT `user`.`id`, `user`.`email`, `user`.`name`, `user`.`password`, `user`.`createdAt`, `user`.`role`, `user`.`updatedAt` FROM `user` WHERE (`user`.`email` = ? AND 1=1) LIMIT ? OFFSET ?
[REPOSITORY] User not found: prop-tester-567971@example.com
[REPOSITORY] Creating user: prop-tester-567971@example.com
prisma:query INSERT INTO `user` (`id`,`email`,`name`,`password`,`createdAt`,`role`,`updatedAt`) VALUES (?,?,?,?,?,?,?)
prisma:query SELECT `user`.`id`, `user`.`email`, `user`.`name`, `user`.`password`, `user`.`createdAt`, `user`.`role`, `user`.`updatedAt` FROM `user` WHERE `user`.`id` = ? LIMIT ? OFFSET ?
prisma:query COMMIT
[REPOSITORY] User created: 8db1e032-8f1e-4166-b5ee-fd81cc432365
18:02:52 [[32minfo[39m]: User created successfully {"service":"booking-app","context":"AUTH","userId":"8db1e032-8f1e-4166-b5ee-fd81cc432365","email":"prop-tester-567971@example.com"}
18:02:52 [[32minfo[39m]: Creating refresh token {"service":"booking-app","context":"AUTH","userId":"8db1e032-8f1e-4166-b5ee-fd81cc432365"}
[REFRESH_REPO] Creating refresh token for user: 8db1e032-8f1e-4166-b5ee-fd81cc432365
prisma:query INSERT INTO `refreshtoken` (`id`,`token`,`userId`,`expiresAt`,`createdAt`) VALUES (?,?,?,?,?)
prisma:query SELECT `refreshtoken`.`id`, `refreshtoken`.`token`, `refreshtoken`.`userId`, `refreshtoken`.`expiresAt`, `refreshtoken`.`createdAt` FROM `refreshtoken` WHERE `refreshtoken`.`id` = ? LIMIT ? OFFSET ?
prisma:query COMMIT
[REFRESH_REPO] Refresh token created: 74249b51-9441-4508-8e28-318d50082dcf
18:02:52 [[32minfo[39m]: Refresh token created {"service":"booking-app","context":"AUTH","userId":"8db1e032-8f1e-4166-b5ee-fd81cc432365"}
18:02:52 [[32minfo[39m]: Registration successful {"service":"booking-app","context":"AUTH","email":"prop-tester-567971@example.com","userId":"8db1e032-8f1e-4166-b5ee-fd81cc432365"}
[REPOSITORY] Finding user by id: deac5b39-f655-4214-9bb5-46e8149a695a
prisma:query SELECT `user`.`id`, `user`.`email`, `user`.`name`, `user`.`password`, `user`.`createdAt`, `user`.`role`, `user`.`updatedAt` FROM `user` WHERE (`user`.`id` = ? AND 1=1) LIMIT ? OFFSET ?
18:02:52 [[32minfo[39m]: Get me successful {"service":"booking-app","userId":"deac5b39-f655-4214-9bb5-46e8149a695a","userEmail":"login-582638@example.com","userRole":"USER","context":"AUTH","email":"login-582638@example.com"}
18:02:52 [[32minfo[39m]: Creating property {"service":"booking-app","userId":"9ca46517-7520-4919-b09d-286337834fa6","userEmail":"prop-tester-670992@example.com","userRole":"USER","context":"PROPERTY","title":"Villa-260515","ownerId":"9ca46517-7520-4919-b09d-286337834fa6"}
prisma:query SELECT `property`.`id`, `property`.`title`, `property`.`description`, `property`.`pricePerNight`, `property`.`address`, `property`.`imageUrl`, `property`.`ownerId`, `property`.`createdAt`, `property`.`updatedAt` FROM `property` WHERE (`property`.`id` = ? AND 1=1) LIMIT ? OFFSET ?
prisma:query INSERT INTO `property` (`id`,`title`,`description`,`pricePerNight`,`address`,`imageUrl`,`ownerId`,`createdAt`,`updatedAt`) VALUES (?,?,?,?,?,?,?,?,?)
prisma:query SELECT `property`.`id`, `property`.`title`, `property`.`description`, `property`.`pricePerNight`, `property`.`address`, `property`.`imageUrl`, `property`.`ownerId`, `property`.`createdAt`, `property`.`updatedAt` FROM `property` WHERE `property`.`id` = ? LIMIT ? OFFSET ?
prisma:query COMMIT
18:02:52 [[32minfo[39m]: Property created successfully {"service":"booking-app","userId":"9ca46517-7520-4919-b09d-286337834fa6","userEmail":"prop-tester-670992@example.com","userRole":"USER","context":"PROPERTY","propertyId":"37e1c937-5984-46ac-aaa7-55194c16d159","title":"Villa-260515"}
prisma:query SELECT `property`.`id`, `property`.`title`, `property`.`description`, `property`.`pricePerNight`, `property`.`address`, `property`.`imageUrl`, `property`.`ownerId`, `property`.`createdAt`, `property`.`updatedAt` FROM `property` WHERE 1=1
prisma:query SELECT `property`.`id`, `property`.`title`, `property`.`description`, `property`.`pricePerNight`, `property`.`address`, `property`.`imageUrl`, `property`.`ownerId`, `property`.`createdAt`, `property`.`updatedAt` FROM `property` WHERE 1=1
[VALIDATE] Validating body: {"email":"login-582638@example.com","password":"password123"}
[VALIDATE] Validation passed
18:02:52 [[32minfo[39m]: Login attempt {"service":"booking-app","context":"AUTH","email":"login-582638@example.com"}
[REPOSITORY] Finding user by email: login-582638@example.com
prisma:query SELECT `user`.`id`, `user`.`email`, `user`.`name`, `user`.`password`, `user`.`createdAt`, `user`.`role`, `user`.`updatedAt` FROM `user` WHERE (`user`.`email` = ? AND 1=1) LIMIT ? OFFSET ?
[REPOSITORY] User found: deac5b39-f655-4214-9bb5-46e8149a695a
18:02:52 [[32minfo[39m]: Login successful {"service":"booking-app","context":"AUTH","userId":"deac5b39-f655-4214-9bb5-46e8149a695a","email":"login-582638@example.com"}
18:02:52 [[32minfo[39m]: Creating refresh token {"service":"booking-app","context":"AUTH","userId":"deac5b39-f655-4214-9bb5-46e8149a695a"}
[REFRESH_REPO] Creating refresh token for user: deac5b39-f655-4214-9bb5-46e8149a695a
prisma:query INSERT INTO `refreshtoken` (`id`,`token`,`userId`,`expiresAt`,`createdAt`) VALUES (?,?,?,?,?)
prisma:query SELECT `refreshtoken`.`id`, `refreshtoken`.`token`, `refreshtoken`.`userId`, `refreshtoken`.`expiresAt`, `refreshtoken`.`createdAt` FROM `refreshtoken` WHERE `refreshtoken`.`id` = ? LIMIT ? OFFSET ?
prisma:query COMMIT
[REFRESH_REPO] Refresh token created: eab81add-c4ff-4737-be12-743b000adef3
18:02:52 [[32minfo[39m]: Refresh token created {"service":"booking-app","context":"AUTH","userId":"deac5b39-f655-4214-9bb5-46e8149a695a"}
18:02:52 [[32minfo[39m]: Login successful {"service":"booking-app","context":"AUTH","email":"login-582638@example.com","userId":"deac5b39-f655-4214-9bb5-46e8149a695a"}
18:02:53 [[32minfo[39m]: Creating property {"service":"booking-app","userId":"8db1e032-8f1e-4166-b5ee-fd81cc432365","userEmail":"prop-tester-567971@example.com","userRole":"USER","context":"PROPERTY","title":"Villa-180795","ownerId":"8db1e032-8f1e-4166-b5ee-fd81cc432365"}
prisma:query SELECT `property`.`id`, `property`.`title`, `property`.`description`, `property`.`pricePerNight`, `property`.`address`, `property`.`imageUrl`, `property`.`ownerId`, `property`.`createdAt`, `property`.`updatedAt` FROM `property` WHERE (`property`.`id` = ? AND 1=1) LIMIT ? OFFSET ?
prisma:query INSERT INTO `property` (`id`,`title`,`description`,`pricePerNight`,`address`,`imageUrl`,`ownerId`,`createdAt`,`updatedAt`) VALUES (?,?,?,?,?,?,?,?,?)
prisma:query SELECT `property`.`id`, `property`.`title`, `property`.`description`, `property`.`pricePerNight`, `property`.`address`, `property`.`imageUrl`, `property`.`ownerId`, `property`.`createdAt`, `property`.`updatedAt` FROM `property` WHERE `property`.`id` = ? LIMIT ? OFFSET ?
prisma:query COMMIT
18:02:53 [[32minfo[39m]: Property created successfully {"service":"booking-app","userId":"8db1e032-8f1e-4166-b5ee-fd81cc432365","userEmail":"prop-tester-567971@example.com","userRole":"USER","context":"PROPERTY","propertyId":"db20e393-9e5c-4467-83ee-102b743a7dfd","title":"Villa-180795"}
[VALIDATE] Validating body: {"name":"Property Tester","email":"prop-tester-738785@example.com","password":"password123"}
[VALIDATE] Validation passed
18:02:53 [[32minfo[39m]: Registration attempt {"service":"booking-app","context":"AUTH","email":"prop-tester-738785@example.com"}
[REPOSITORY] Finding user by email: prop-tester-738785@example.com
prisma:query SELECT `user`.`id`, `user`.`email`, `user`.`name`, `user`.`password`, `user`.`createdAt`, `user`.`role`, `user`.`updatedAt` FROM `user` WHERE (`user`.`email` = ? AND 1=1) LIMIT ? OFFSET ?
[REPOSITORY] User not found: prop-tester-738785@example.com
[REPOSITORY] Creating user: prop-tester-738785@example.com
prisma:query INSERT INTO `user` (`id`,`email`,`name`,`password`,`createdAt`,`role`,`updatedAt`) VALUES (?,?,?,?,?,?,?)
prisma:query SELECT `user`.`id`, `user`.`email`, `user`.`name`, `user`.`password`, `user`.`createdAt`, `user`.`role`, `user`.`updatedAt` FROM `user` WHERE `user`.`id` = ? LIMIT ? OFFSET ?
prisma:query COMMIT
[REPOSITORY] User created: 8de25219-82a4-4851-8472-fa01aad2c55d
18:02:53 [[32minfo[39m]: User created successfully {"service":"booking-app","context":"AUTH","userId":"8de25219-82a4-4851-8472-fa01aad2c55d","email":"prop-tester-738785@example.com"}
18:02:53 [[32minfo[39m]: Creating refresh token {"service":"booking-app","context":"AUTH","userId":"8de25219-82a4-4851-8472-fa01aad2c55d"}
[REFRESH_REPO] Creating refresh token for user: 8de25219-82a4-4851-8472-fa01aad2c55d
prisma:query INSERT INTO `refreshtoken` (`id`,`token`,`userId`,`expiresAt`,`createdAt`) VALUES (?,?,?,?,?)
prisma:query SELECT `refreshtoken`.`id`, `refreshtoken`.`token`, `refreshtoken`.`userId`, `refreshtoken`.`expiresAt`, `refreshtoken`.`createdAt` FROM `refreshtoken` WHERE `refreshtoken`.`id` = ? LIMIT ? OFFSET ?
prisma:query COMMIT
[REFRESH_REPO] Refresh token created: 515ad83c-2af9-466a-ad17-17117afccf5b
18:02:53 [[32minfo[39m]: Refresh token created {"service":"booking-app","context":"AUTH","userId":"8de25219-82a4-4851-8472-fa01aad2c55d"}
18:02:53 [[32minfo[39m]: Registration successful {"service":"booking-app","context":"AUTH","email":"prop-tester-738785@example.com","userId":"8de25219-82a4-4851-8472-fa01aad2c55d"}
prisma:query SELECT `property`.`id`, `property`.`title`, `property`.`description`, `property`.`pricePerNight`, `property`.`address`, `property`.`imageUrl`, `property`.`ownerId`, `property`.`createdAt`, `property`.`updatedAt` FROM `property` WHERE 1=1
prisma:query SELECT `property`.`id`, `property`.`title`, `property`.`description`, `property`.`pricePerNight`, `property`.`address`, `property`.`imageUrl`, `property`.`ownerId`, `property`.`createdAt`, `property`.`updatedAt` FROM `property` WHERE 1=1
prisma:query SELECT `property`.`id`, `property`.`title`, `property`.`description`, `property`.`pricePerNight`, `property`.`address`, `property`.`imageUrl`, `property`.`ownerId`, `property`.`createdAt`, `property`.`updatedAt` FROM `property` WHERE 1=1
prisma:query SELECT `property`.`id`, `property`.`title`, `property`.`description`, `property`.`pricePerNight`, `property`.`address`, `property`.`imageUrl`, `property`.`ownerId`, `property`.`createdAt`, `property`.`updatedAt` FROM `property` WHERE 1=1
[VALIDATE] Validating body: {"name":"Property Tester","email":"prop-tester-169794@example.com","password":"password123"}
[VALIDATE] Validation passed
18:02:53 [[32minfo[39m]: Registration attempt {"service":"booking-app","context":"AUTH","email":"prop-tester-169794@example.com"}
[REPOSITORY] Finding user by email: prop-tester-169794@example.com
prisma:query SELECT `user`.`id`, `user`.`email`, `user`.`name`, `user`.`password`, `user`.`createdAt`, `user`.`role`, `user`.`updatedAt` FROM `user` WHERE (`user`.`email` = ? AND 1=1) LIMIT ? OFFSET ?
[REPOSITORY] User not found: prop-tester-169794@example.com
[REPOSITORY] Creating user: prop-tester-169794@example.com
prisma:query INSERT INTO `user` (`id`,`email`,`name`,`password`,`createdAt`,`role`,`updatedAt`) VALUES (?,?,?,?,?,?,?)
prisma:query SELECT `user`.`id`, `user`.`email`, `user`.`name`, `user`.`password`, `user`.`createdAt`, `user`.`role`, `user`.`updatedAt` FROM `user` WHERE `user`.`id` = ? LIMIT ? OFFSET ?
prisma:query COMMIT
[REPOSITORY] User created: de7d0047-8200-43e1-bf40-bb5d65dfb9b1
18:02:54 [[32minfo[39m]: User created successfully {"service":"booking-app","context":"AUTH","userId":"de7d0047-8200-43e1-bf40-bb5d65dfb9b1","email":"prop-tester-169794@example.com"}
18:02:54 [[32minfo[39m]: Creating refresh token {"service":"booking-app","context":"AUTH","userId":"de7d0047-8200-43e1-bf40-bb5d65dfb9b1"}
[REFRESH_REPO] Creating refresh token for user: de7d0047-8200-43e1-bf40-bb5d65dfb9b1
prisma:query INSERT INTO `refreshtoken` (`id`,`token`,`userId`,`expiresAt`,`createdAt`) VALUES (?,?,?,?,?)
prisma:query SELECT `refreshtoken`.`id`, `refreshtoken`.`token`, `refreshtoken`.`userId`, `refreshtoken`.`expiresAt`, `refreshtoken`.`createdAt` FROM `refreshtoken` WHERE `refreshtoken`.`id` = ? LIMIT ? OFFSET ?
prisma:query COMMIT
[REFRESH_REPO] Refresh token created: ab3628e9-9f32-4698-a02c-02ff37fec0e4
18:02:54 [[32minfo[39m]: Refresh token created {"service":"booking-app","context":"AUTH","userId":"de7d0047-8200-43e1-bf40-bb5d65dfb9b1"}
18:02:54 [[32minfo[39m]: Registration successful {"service":"booking-app","context":"AUTH","email":"prop-tester-169794@example.com","userId":"de7d0047-8200-43e1-bf40-bb5d65dfb9b1"}
prisma:query SELECT `property`.`id`, `property`.`title`, `property`.`description`, `property`.`pricePerNight`, `property`.`address`, `property`.`imageUrl`, `property`.`ownerId`, `property`.`createdAt`, `property`.`updatedAt` FROM `property` WHERE 1=1
prisma:query SELECT `property`.`id`, `property`.`title`, `property`.`description`, `property`.`pricePerNight`, `property`.`address`, `property`.`imageUrl`, `property`.`ownerId`, `property`.`createdAt`, `property`.`updatedAt` FROM `property` WHERE 1=1
18:02:54 [[32minfo[39m]: Creating property {"service":"booking-app","userId":"8de25219-82a4-4851-8472-fa01aad2c55d","userEmail":"prop-tester-738785@example.com","userRole":"USER","context":"PROPERTY","title":"Villa-37752","ownerId":"8de25219-82a4-4851-8472-fa01aad2c55d"}
prisma:query SELECT `property`.`id`, `property`.`title`, `property`.`description`, `property`.`pricePerNight`, `property`.`address`, `property`.`imageUrl`, `property`.`ownerId`, `property`.`createdAt`, `property`.`updatedAt` FROM `property` WHERE (`property`.`id` = ? AND 1=1) LIMIT ? OFFSET ?
prisma:query INSERT INTO `property` (`id`,`title`,`description`,`pricePerNight`,`address`,`imageUrl`,`ownerId`,`createdAt`,`updatedAt`) VALUES (?,?,?,?,?,?,?,?,?)
prisma:query SELECT `property`.`id`, `property`.`title`, `property`.`description`, `property`.`pricePerNight`, `property`.`address`, `property`.`imageUrl`, `property`.`ownerId`, `property`.`createdAt`, `property`.`updatedAt` FROM `property` WHERE `property`.`id` = ? LIMIT ? OFFSET ?
prisma:query COMMIT
18:02:54 [[32minfo[39m]: Property created successfully {"service":"booking-app","userId":"8de25219-82a4-4851-8472-fa01aad2c55d","userEmail":"prop-tester-738785@example.com","userRole":"USER","context":"PROPERTY","propertyId":"2882c14e-dcaa-4a93-8c8d-7582d0e5e161","title":"Villa-37752"}
18:02:55 [[32minfo[39m]: Creating property {"service":"booking-app","userId":"de7d0047-8200-43e1-bf40-bb5d65dfb9b1","userEmail":"prop-tester-169794@example.com","userRole":"USER","context":"PROPERTY","title":"Villa-479449","ownerId":"de7d0047-8200-43e1-bf40-bb5d65dfb9b1"}
prisma:query SELECT `property`.`id`, `property`.`title`, `property`.`description`, `property`.`pricePerNight`, `property`.`address`, `property`.`imageUrl`, `property`.`ownerId`, `property`.`createdAt`, `property`.`updatedAt` FROM `property` WHERE (`property`.`id` = ? AND 1=1) LIMIT ? OFFSET ?
prisma:query INSERT INTO `property` (`id`,`title`,`description`,`pricePerNight`,`address`,`imageUrl`,`ownerId`,`createdAt`,`updatedAt`) VALUES (?,?,?,?,?,?,?,?,?)
prisma:query SELECT `property`.`id`, `property`.`title`, `property`.`description`, `property`.`pricePerNight`, `property`.`address`, `property`.`imageUrl`, `property`.`ownerId`, `property`.`createdAt`, `property`.`updatedAt` FROM `property` WHERE `property`.`id` = ? LIMIT ? OFFSET ?
prisma:query COMMIT
18:02:55 [[32minfo[39m]: Property created successfully {"service":"booking-app","userId":"de7d0047-8200-43e1-bf40-bb5d65dfb9b1","userEmail":"prop-tester-169794@example.com","userRole":"USER","context":"PROPERTY","propertyId":"e447afb8-41b0-4fac-93bd-858138c2b7d3","title":"Villa-479449"}
[VALIDATE] Validating body: {"name":"Property Tester","email":"prop-tester-52371@example.com","password":"password123"}
[VALIDATE] Validation passed
18:03:02 [[32minfo[39m]: Registration attempt {"service":"booking-app","context":"AUTH","email":"prop-tester-52371@example.com"}
[REPOSITORY] Finding user by email: prop-tester-52371@example.com
prisma:query SELECT `user`.`id`, `user`.`email`, `user`.`name`, `user`.`password`, `user`.`createdAt`, `user`.`role`, `user`.`updatedAt` FROM `user` WHERE (`user`.`email` = ? AND 1=1) LIMIT ? OFFSET ?
[REPOSITORY] User not found: prop-tester-52371@example.com
[REPOSITORY] Creating user: prop-tester-52371@example.com
prisma:query INSERT INTO `user` (`id`,`email`,`name`,`password`,`createdAt`,`role`,`updatedAt`) VALUES (?,?,?,?,?,?,?)
prisma:query SELECT `user`.`id`, `user`.`email`, `user`.`name`, `user`.`password`, `user`.`createdAt`, `user`.`role`, `user`.`updatedAt` FROM `user` WHERE `user`.`id` = ? LIMIT ? OFFSET ?
prisma:query COMMIT
[REPOSITORY] User created: 259082b0-19b9-4b7a-ba6c-0c5a91cca486
18:03:02 [[32minfo[39m]: User created successfully {"service":"booking-app","context":"AUTH","userId":"259082b0-19b9-4b7a-ba6c-0c5a91cca486","email":"prop-tester-52371@example.com"}
18:03:02 [[32minfo[39m]: Creating refresh token {"service":"booking-app","context":"AUTH","userId":"259082b0-19b9-4b7a-ba6c-0c5a91cca486"}
[REFRESH_REPO] Creating refresh token for user: 259082b0-19b9-4b7a-ba6c-0c5a91cca486
prisma:query INSERT INTO `refreshtoken` (`id`,`token`,`userId`,`expiresAt`,`createdAt`) VALUES (?,?,?,?,?)
prisma:query SELECT `refreshtoken`.`id`, `refreshtoken`.`token`, `refreshtoken`.`userId`, `refreshtoken`.`expiresAt`, `refreshtoken`.`createdAt` FROM `refreshtoken` WHERE `refreshtoken`.`id` = ? LIMIT ? OFFSET ?
prisma:query COMMIT
[REFRESH_REPO] Refresh token created: a190a40a-6ec2-4035-83a0-573eada8d584
18:03:02 [[32minfo[39m]: Refresh token created {"service":"booking-app","context":"AUTH","userId":"259082b0-19b9-4b7a-ba6c-0c5a91cca486"}
18:03:02 [[32minfo[39m]: Registration successful {"service":"booking-app","context":"AUTH","email":"prop-tester-52371@example.com","userId":"259082b0-19b9-4b7a-ba6c-0c5a91cca486"}
prisma:query SELECT `property`.`id`, `property`.`title`, `property`.`description`, `property`.`pricePerNight`, `property`.`address`, `property`.`imageUrl`, `property`.`ownerId`, `property`.`createdAt`, `property`.`updatedAt` FROM `property` WHERE 1=1
prisma:query SELECT `property`.`id`, `property`.`title`, `property`.`description`, `property`.`pricePerNight`, `property`.`address`, `property`.`imageUrl`, `property`.`ownerId`, `property`.`createdAt`, `property`.`updatedAt` FROM `property` WHERE 1=1
18:03:02 [[32minfo[39m]: Creating property {"service":"booking-app","userId":"259082b0-19b9-4b7a-ba6c-0c5a91cca486","userEmail":"prop-tester-52371@example.com","userRole":"USER","context":"PROPERTY","title":"Villa-893220","ownerId":"259082b0-19b9-4b7a-ba6c-0c5a91cca486"}
prisma:query SELECT `property`.`id`, `property`.`title`, `property`.`description`, `property`.`pricePerNight`, `property`.`address`, `property`.`imageUrl`, `property`.`ownerId`, `property`.`createdAt`, `property`.`updatedAt` FROM `property` WHERE (`property`.`id` = ? AND 1=1) LIMIT ? OFFSET ?
prisma:query INSERT INTO `property` (`id`,`title`,`description`,`pricePerNight`,`address`,`imageUrl`,`ownerId`,`createdAt`,`updatedAt`) VALUES (?,?,?,?,?,?,?,?,?)
prisma:query SELECT `property`.`id`, `property`.`title`, `property`.`description`, `property`.`pricePerNight`, `property`.`address`, `property`.`imageUrl`, `property`.`ownerId`, `property`.`createdAt`, `property`.`updatedAt` FROM `property` WHERE `property`.`id` = ? LIMIT ? OFFSET ?
prisma:query COMMIT
18:03:02 [[32minfo[39m]: Property created successfully {"service":"booking-app","userId":"259082b0-19b9-4b7a-ba6c-0c5a91cca486","userEmail":"prop-tester-52371@example.com","userRole":"USER","context":"PROPERTY","propertyId":"fd7615b7-cf21-43eb-9308-898c04132168","title":"Villa-893220"}
prisma:query SELECT `property`.`id`, `property`.`title`, `property`.`description`, `property`.`pricePerNight`, `property`.`address`, `property`.`imageUrl`, `property`.`ownerId`, `property`.`createdAt`, `property`.`updatedAt` FROM `property` WHERE 1=1
prisma:query SELECT `property`.`id`, `property`.`title`, `property`.`description`, `property`.`pricePerNight`, `property`.`address`, `property`.`imageUrl`, `property`.`ownerId`, `property`.`createdAt`, `property`.`updatedAt` FROM `property` WHERE 1=1
[VALIDATE] Validating body: {"name":"reg-855550","email":"reg-855550@example.com","password":"password123"}
[VALIDATE] Validation passed
18:04:38 [[32minfo[39m]: Registration attempt {"service":"booking-app","context":"AUTH","email":"reg-855550@example.com"}
[REPOSITORY] Finding user by email: reg-855550@example.com
[VALIDATE] Validating body: {"name":"Booking Tester","email":"book-219784@example.com","password":"password123"}
[VALIDATE] Validation passed
18:04:38 [[32minfo[39m]: Registration attempt {"service":"booking-app","context":"AUTH","email":"book-219784@example.com"}
[REPOSITORY] Finding user by email: book-219784@example.com
prisma:query SELECT `user`.`id`, `user`.`email`, `user`.`name`, `user`.`password`, `user`.`createdAt`, `user`.`role`, `user`.`updatedAt` FROM `user` WHERE (`user`.`email` = ? AND 1=1) LIMIT ? OFFSET ?
[REPOSITORY] User not found: reg-855550@example.com
prisma:query SELECT `user`.`id`, `user`.`email`, `user`.`name`, `user`.`password`, `user`.`createdAt`, `user`.`role`, `user`.`updatedAt` FROM `user` WHERE (`user`.`email` = ? AND 1=1) LIMIT ? OFFSET ?
[REPOSITORY] User not found: book-219784@example.com
[VALIDATE] Validating body: {"name":"login-74403","email":"login-74403@example.com","password":"password123"}
[VALIDATE] Validation passed
18:04:38 [[32minfo[39m]: Registration attempt {"service":"booking-app","context":"AUTH","email":"login-74403@example.com"}
[REPOSITORY] Finding user by email: login-74403@example.com
[VALIDATE] Validating body: {"name":"Property Tester","email":"prop-tester-500442@example.com","password":"password123"}
[VALIDATE] Validation passed
18:04:38 [[32minfo[39m]: Registration attempt {"service":"booking-app","context":"AUTH","email":"prop-tester-500442@example.com"}
[REPOSITORY] Finding user by email: prop-tester-500442@example.com
prisma:query SELECT `user`.`id`, `user`.`email`, `user`.`name`, `user`.`password`, `user`.`createdAt`, `user`.`role`, `user`.`updatedAt` FROM `user` WHERE (`user`.`email` = ? AND 1=1) LIMIT ? OFFSET ?
[REPOSITORY] User not found: login-74403@example.com
prisma:query SELECT `user`.`id`, `user`.`email`, `user`.`name`, `user`.`password`, `user`.`createdAt`, `user`.`role`, `user`.`updatedAt` FROM `user` WHERE (`user`.`email` = ? AND 1=1) LIMIT ? OFFSET ?
[REPOSITORY] User not found: prop-tester-500442@example.com
[VALIDATE] Validating body: {"name":"Property Tester","email":"prop-tester-61649@example.com","password":"password123"}
[VALIDATE] Validation passed
18:04:38 [[32minfo[39m]: Registration attempt {"service":"booking-app","context":"AUTH","email":"prop-tester-61649@example.com"}
[REPOSITORY] Finding user by email: prop-tester-61649@example.com
prisma:query SELECT `user`.`id`, `user`.`email`, `user`.`name`, `user`.`password`, `user`.`createdAt`, `user`.`role`, `user`.`updatedAt` FROM `user` WHERE (`user`.`email` = ? AND 1=1) LIMIT ? OFFSET ?
[REPOSITORY] User not found: prop-tester-61649@example.com
[REPOSITORY] Creating user: reg-855550@example.com
prisma:query INSERT INTO `user` (`id`,`email`,`name`,`password`,`createdAt`,`role`,`updatedAt`) VALUES (?,?,?,?,?,?,?)
prisma:query SELECT `user`.`id`, `user`.`email`, `user`.`name`, `user`.`password`, `user`.`createdAt`, `user`.`role`, `user`.`updatedAt` FROM `user` WHERE `user`.`id` = ? LIMIT ? OFFSET ?
prisma:query COMMIT
[REPOSITORY] User created: 68e2a3fa-43e0-4cab-a064-b2ac2827b0eb
18:04:38 [[32minfo[39m]: User created successfully {"service":"booking-app","context":"AUTH","userId":"68e2a3fa-43e0-4cab-a064-b2ac2827b0eb","email":"reg-855550@example.com"}
18:04:38 [[32minfo[39m]: Creating refresh token {"service":"booking-app","context":"AUTH","userId":"68e2a3fa-43e0-4cab-a064-b2ac2827b0eb"}
[REFRESH_REPO] Creating refresh token for user: 68e2a3fa-43e0-4cab-a064-b2ac2827b0eb
prisma:query INSERT INTO `refreshtoken` (`id`,`token`,`userId`,`expiresAt`,`createdAt`) VALUES (?,?,?,?,?)
prisma:query SELECT `refreshtoken`.`id`, `refreshtoken`.`token`, `refreshtoken`.`userId`, `refreshtoken`.`expiresAt`, `refreshtoken`.`createdAt` FROM `refreshtoken` WHERE `refreshtoken`.`id` = ? LIMIT ? OFFSET ?
[REPOSITORY] Creating user: book-219784@example.com
prisma:query COMMIT
[REFRESH_REPO] Refresh token created: 9ed2b782-4f57-49a1-bce0-5a74461e8cfb
18:04:38 [[32minfo[39m]: Refresh token created {"service":"booking-app","context":"AUTH","userId":"68e2a3fa-43e0-4cab-a064-b2ac2827b0eb"}
18:04:38 [[32minfo[39m]: Registration successful {"service":"booking-app","context":"AUTH","email":"reg-855550@example.com","userId":"68e2a3fa-43e0-4cab-a064-b2ac2827b0eb"}
prisma:query INSERT INTO `user` (`id`,`email`,`name`,`password`,`createdAt`,`role`,`updatedAt`) VALUES (?,?,?,?,?,?,?)
prisma:query SELECT `user`.`id`, `user`.`email`, `user`.`name`, `user`.`password`, `user`.`createdAt`, `user`.`role`, `user`.`updatedAt` FROM `user` WHERE `user`.`id` = ? LIMIT ? OFFSET ?
prisma:query COMMIT
[REPOSITORY] User created: 58cb6882-1fd0-4d7f-ad8a-346bbbba7ffd
18:04:38 [[32minfo[39m]: User created successfully {"service":"booking-app","context":"AUTH","userId":"58cb6882-1fd0-4d7f-ad8a-346bbbba7ffd","email":"book-219784@example.com"}
18:04:38 [[32minfo[39m]: Creating refresh token {"service":"booking-app","context":"AUTH","userId":"58cb6882-1fd0-4d7f-ad8a-346bbbba7ffd"}
[REFRESH_REPO] Creating refresh token for user: 58cb6882-1fd0-4d7f-ad8a-346bbbba7ffd
prisma:query INSERT INTO `refreshtoken` (`id`,`token`,`userId`,`expiresAt`,`createdAt`) VALUES (?,?,?,?,?)
prisma:query SELECT `refreshtoken`.`id`, `refreshtoken`.`token`, `refreshtoken`.`userId`, `refreshtoken`.`expiresAt`, `refreshtoken`.`createdAt` FROM `refreshtoken` WHERE `refreshtoken`.`id` = ? LIMIT ? OFFSET ?
prisma:query COMMIT
[REFRESH_REPO] Refresh token created: eb16df51-55fc-4b59-9a6d-38e3630a4437
18:04:38 [[32minfo[39m]: Refresh token created {"service":"booking-app","context":"AUTH","userId":"58cb6882-1fd0-4d7f-ad8a-346bbbba7ffd"}
18:04:38 [[32minfo[39m]: Registration successful {"service":"booking-app","context":"AUTH","email":"book-219784@example.com","userId":"58cb6882-1fd0-4d7f-ad8a-346bbbba7ffd"}
[REPOSITORY] Creating user: login-74403@example.com
prisma:query INSERT INTO `user` (`id`,`email`,`name`,`password`,`createdAt`,`role`,`updatedAt`) VALUES (?,?,?,?,?,?,?)
prisma:query SELECT `user`.`id`, `user`.`email`, `user`.`name`, `user`.`password`, `user`.`createdAt`, `user`.`role`, `user`.`updatedAt` FROM `user` WHERE `user`.`id` = ? LIMIT ? OFFSET ?
prisma:query COMMIT
[REPOSITORY] User created: 5b3b7158-bc5d-4896-bc17-f0d7c9f8d2d1
18:04:38 [[32minfo[39m]: User created successfully {"service":"booking-app","context":"AUTH","userId":"5b3b7158-bc5d-4896-bc17-f0d7c9f8d2d1","email":"login-74403@example.com"}
18:04:38 [[32minfo[39m]: Creating refresh token {"service":"booking-app","context":"AUTH","userId":"5b3b7158-bc5d-4896-bc17-f0d7c9f8d2d1"}
[REFRESH_REPO] Creating refresh token for user: 5b3b7158-bc5d-4896-bc17-f0d7c9f8d2d1
[REPOSITORY] Creating user: prop-tester-500442@example.com
prisma:query INSERT INTO `refreshtoken` (`id`,`token`,`userId`,`expiresAt`,`createdAt`) VALUES (?,?,?,?,?)
prisma:query INSERT INTO `user` (`id`,`email`,`name`,`password`,`createdAt`,`role`,`updatedAt`) VALUES (?,?,?,?,?,?,?)
prisma:query SELECT `refreshtoken`.`id`, `refreshtoken`.`token`, `refreshtoken`.`userId`, `refreshtoken`.`expiresAt`, `refreshtoken`.`createdAt` FROM `refreshtoken` WHERE `refreshtoken`.`id` = ? LIMIT ? OFFSET ?
prisma:query SELECT `user`.`id`, `user`.`email`, `user`.`name`, `user`.`password`, `user`.`createdAt`, `user`.`role`, `user`.`updatedAt` FROM `user` WHERE `user`.`id` = ? LIMIT ? OFFSET ?
[REPOSITORY] Creating user: prop-tester-61649@example.com
prisma:query INSERT INTO `user` (`id`,`email`,`name`,`password`,`createdAt`,`role`,`updatedAt`) VALUES (?,?,?,?,?,?,?)
prisma:query SELECT `user`.`id`, `user`.`email`, `user`.`name`, `user`.`password`, `user`.`createdAt`, `user`.`role`, `user`.`updatedAt` FROM `user` WHERE `user`.`id` = ? LIMIT ? OFFSET ?
prisma:query COMMIT
[REFRESH_REPO] Refresh token created: bba5463d-c108-4a69-90f4-390751a8ce81
18:04:38 [[32minfo[39m]: Refresh token created {"service":"booking-app","context":"AUTH","userId":"5b3b7158-bc5d-4896-bc17-f0d7c9f8d2d1"}
18:04:38 [[32minfo[39m]: Registration successful {"service":"booking-app","context":"AUTH","email":"login-74403@example.com","userId":"5b3b7158-bc5d-4896-bc17-f0d7c9f8d2d1"}
prisma:query COMMIT
[REPOSITORY] User created: 00f2218e-d0fb-4e52-af9d-e5faf2391e78
18:04:38 [[32minfo[39m]: User created successfully {"service":"booking-app","context":"AUTH","userId":"00f2218e-d0fb-4e52-af9d-e5faf2391e78","email":"prop-tester-500442@example.com"}
18:04:38 [[32minfo[39m]: Creating refresh token {"service":"booking-app","context":"AUTH","userId":"00f2218e-d0fb-4e52-af9d-e5faf2391e78"}
[REFRESH_REPO] Creating refresh token for user: 00f2218e-d0fb-4e52-af9d-e5faf2391e78
prisma:query COMMIT
[REPOSITORY] User created: 46eb664e-caee-410e-a496-b329d8b65a68
18:04:38 [[32minfo[39m]: User created successfully {"service":"booking-app","context":"AUTH","userId":"46eb664e-caee-410e-a496-b329d8b65a68","email":"prop-tester-61649@example.com"}
18:04:38 [[32minfo[39m]: Creating refresh token {"service":"booking-app","context":"AUTH","userId":"46eb664e-caee-410e-a496-b329d8b65a68"}
[REFRESH_REPO] Creating refresh token for user: 46eb664e-caee-410e-a496-b329d8b65a68
prisma:query INSERT INTO `refreshtoken` (`id`,`token`,`userId`,`expiresAt`,`createdAt`) VALUES (?,?,?,?,?)
prisma:query SELECT `refreshtoken`.`id`, `refreshtoken`.`token`, `refreshtoken`.`userId`, `refreshtoken`.`expiresAt`, `refreshtoken`.`createdAt` FROM `refreshtoken` WHERE `refreshtoken`.`id` = ? LIMIT ? OFFSET ?
prisma:query COMMIT
[REFRESH_REPO] Refresh token created: 9d605dc9-c335-4254-8437-fe5b1c0bae85
18:04:38 [[32minfo[39m]: Refresh token created {"service":"booking-app","context":"AUTH","userId":"00f2218e-d0fb-4e52-af9d-e5faf2391e78"}
18:04:38 [[32minfo[39m]: Registration successful {"service":"booking-app","context":"AUTH","email":"prop-tester-500442@example.com","userId":"00f2218e-d0fb-4e52-af9d-e5faf2391e78"}
prisma:query INSERT INTO `refreshtoken` (`id`,`token`,`userId`,`expiresAt`,`createdAt`) VALUES (?,?,?,?,?)
prisma:query SELECT `refreshtoken`.`id`, `refreshtoken`.`token`, `refreshtoken`.`userId`, `refreshtoken`.`expiresAt`, `refreshtoken`.`createdAt` FROM `refreshtoken` WHERE `refreshtoken`.`id` = ? LIMIT ? OFFSET ?
prisma:query COMMIT
[REFRESH_REPO] Refresh token created: bafb29c0-c201-47f1-aabf-9121fdb6670a
18:04:38 [[32minfo[39m]: Refresh token created {"service":"booking-app","context":"AUTH","userId":"46eb664e-caee-410e-a496-b329d8b65a68"}
18:04:38 [[32minfo[39m]: Registration successful {"service":"booking-app","context":"AUTH","email":"prop-tester-61649@example.com","userId":"46eb664e-caee-410e-a496-b329d8b65a68"}
prisma:query SELECT `property`.`id`, `property`.`title`, `property`.`description`, `property`.`pricePerNight`, `property`.`address`, `property`.`imageUrl`, `property`.`ownerId`, `property`.`createdAt`, `property`.`updatedAt` FROM `property` WHERE 1=1
prisma:query SELECT `property`.`id`, `property`.`title`, `property`.`description`, `property`.`pricePerNight`, `property`.`address`, `property`.`imageUrl`, `property`.`ownerId`, `property`.`createdAt`, `property`.`updatedAt` FROM `property` WHERE 1=1
prisma:query SELECT `property`.`id`, `property`.`title`, `property`.`description`, `property`.`pricePerNight`, `property`.`address`, `property`.`imageUrl`, `property`.`ownerId`, `property`.`createdAt`, `property`.`updatedAt` FROM `property` WHERE 1=1
prisma:query SELECT `property`.`id`, `property`.`title`, `property`.`description`, `property`.`pricePerNight`, `property`.`address`, `property`.`imageUrl`, `property`.`ownerId`, `property`.`createdAt`, `property`.`updatedAt` FROM `property` WHERE 1=1
prisma:query SELECT `property`.`id`, `property`.`title`, `property`.`description`, `property`.`pricePerNight`, `property`.`address`, `property`.`imageUrl`, `property`.`ownerId`, `property`.`createdAt`, `property`.`updatedAt` FROM `property` WHERE 1=1
prisma:query SELECT `property`.`id`, `property`.`title`, `property`.`description`, `property`.`pricePerNight`, `property`.`address`, `property`.`imageUrl`, `property`.`ownerId`, `property`.`createdAt`, `property`.`updatedAt` FROM `property` WHERE 1=1
[REPOSITORY] Finding user by id: 5b3b7158-bc5d-4896-bc17-f0d7c9f8d2d1
prisma:query SELECT `user`.`id`, `user`.`email`, `user`.`name`, `user`.`password`, `user`.`createdAt`, `user`.`role`, `user`.`updatedAt` FROM `user` WHERE (`user`.`id` = ? AND 1=1) LIMIT ? OFFSET ?
18:04:39 [[32minfo[39m]: Get me successful {"service":"booking-app","userId":"5b3b7158-bc5d-4896-bc17-f0d7c9f8d2d1","userEmail":"login-74403@example.com","userRole":"USER","context":"AUTH","email":"login-74403@example.com"}
18:04:39 [[32minfo[39m]: Creating property {"service":"booking-app","userId":"46eb664e-caee-410e-a496-b329d8b65a68","userEmail":"prop-tester-61649@example.com","userRole":"USER","context":"PROPERTY","title":"Villa-143246","ownerId":"46eb664e-caee-410e-a496-b329d8b65a68"}
prisma:query SELECT `property`.`id`, `property`.`title`, `property`.`description`, `property`.`pricePerNight`, `property`.`address`, `property`.`imageUrl`, `property`.`ownerId`, `property`.`createdAt`, `property`.`updatedAt` FROM `property` WHERE (`property`.`id` = ? AND 1=1) LIMIT ? OFFSET ?
prisma:query INSERT INTO `property` (`id`,`title`,`description`,`pricePerNight`,`address`,`imageUrl`,`ownerId`,`createdAt`,`updatedAt`) VALUES (?,?,?,?,?,?,?,?,?)
18:04:39 [[32minfo[39m]: Creating property {"service":"booking-app","userId":"00f2218e-d0fb-4e52-af9d-e5faf2391e78","userEmail":"prop-tester-500442@example.com","userRole":"USER","context":"PROPERTY","title":"Villa-469016","ownerId":"00f2218e-d0fb-4e52-af9d-e5faf2391e78"}
prisma:query SELECT `property`.`id`, `property`.`title`, `property`.`description`, `property`.`pricePerNight`, `property`.`address`, `property`.`imageUrl`, `property`.`ownerId`, `property`.`createdAt`, `property`.`updatedAt` FROM `property` WHERE `property`.`id` = ? LIMIT ? OFFSET ?
prisma:query SELECT `property`.`id`, `property`.`title`, `property`.`description`, `property`.`pricePerNight`, `property`.`address`, `property`.`imageUrl`, `property`.`ownerId`, `property`.`createdAt`, `property`.`updatedAt` FROM `property` WHERE (`property`.`id` = ? AND 1=1) LIMIT ? OFFSET ?
prisma:query COMMIT
18:04:39 [[32minfo[39m]: Property created successfully {"service":"booking-app","userId":"46eb664e-caee-410e-a496-b329d8b65a68","userEmail":"prop-tester-61649@example.com","userRole":"USER","context":"PROPERTY","propertyId":"9abc7be7-860b-4403-a92d-af2ca3ea5c79","title":"Villa-143246"}
prisma:query INSERT INTO `property` (`id`,`title`,`description`,`pricePerNight`,`address`,`imageUrl`,`ownerId`,`createdAt`,`updatedAt`) VALUES (?,?,?,?,?,?,?,?,?)
prisma:query SELECT `property`.`id`, `property`.`title`, `property`.`description`, `property`.`pricePerNight`, `property`.`address`, `property`.`imageUrl`, `property`.`ownerId`, `property`.`createdAt`, `property`.`updatedAt` FROM `property` WHERE `property`.`id` = ? LIMIT ? OFFSET ?
prisma:query COMMIT
18:04:39 [[32minfo[39m]: Property created successfully {"service":"booking-app","userId":"00f2218e-d0fb-4e52-af9d-e5faf2391e78","userEmail":"prop-tester-500442@example.com","userRole":"USER","context":"PROPERTY","propertyId":"370f2243-a8e5-4a18-a47f-fa9c7cf1b626","title":"Villa-469016"}
[VALIDATE] Validating body: {"email":"login-74403@example.com","password":"password123"}
[VALIDATE] Validation passed
18:04:39 [[32minfo[39m]: Login attempt {"service":"booking-app","context":"AUTH","email":"login-74403@example.com"}
[REPOSITORY] Finding user by email: login-74403@example.com
prisma:query SELECT `user`.`id`, `user`.`email`, `user`.`name`, `user`.`password`, `user`.`createdAt`, `user`.`role`, `user`.`updatedAt` FROM `user` WHERE (`user`.`email` = ? AND 1=1) LIMIT ? OFFSET ?
[REPOSITORY] User found: 5b3b7158-bc5d-4896-bc17-f0d7c9f8d2d1
18:04:39 [[32minfo[39m]: Login successful {"service":"booking-app","context":"AUTH","userId":"5b3b7158-bc5d-4896-bc17-f0d7c9f8d2d1","email":"login-74403@example.com"}
18:04:39 [[32minfo[39m]: Creating refresh token {"service":"booking-app","context":"AUTH","userId":"5b3b7158-bc5d-4896-bc17-f0d7c9f8d2d1"}
[REFRESH_REPO] Creating refresh token for user: 5b3b7158-bc5d-4896-bc17-f0d7c9f8d2d1
prisma:query INSERT INTO `refreshtoken` (`id`,`token`,`userId`,`expiresAt`,`createdAt`) VALUES (?,?,?,?,?)
prisma:query SELECT `refreshtoken`.`id`, `refreshtoken`.`token`, `refreshtoken`.`userId`, `refreshtoken`.`expiresAt`, `refreshtoken`.`createdAt` FROM `refreshtoken` WHERE `refreshtoken`.`id` = ? LIMIT ? OFFSET ?
prisma:query COMMIT
[REFRESH_REPO] Refresh token created: b101c072-f7b4-4951-8db4-717701e36143
18:04:39 [[32minfo[39m]: Refresh token created {"service":"booking-app","context":"AUTH","userId":"5b3b7158-bc5d-4896-bc17-f0d7c9f8d2d1"}
18:04:39 [[32minfo[39m]: Login successful {"service":"booking-app","context":"AUTH","email":"login-74403@example.com","userId":"5b3b7158-bc5d-4896-bc17-f0d7c9f8d2d1"}
prisma:query SELECT `property`.`id`, `property`.`title`, `property`.`description`, `property`.`pricePerNight`, `property`.`address`, `property`.`imageUrl`, `property`.`ownerId`, `property`.`createdAt`, `property`.`updatedAt` FROM `property` WHERE 1=1
prisma:query SELECT `property`.`id`, `property`.`title`, `property`.`description`, `property`.`pricePerNight`, `property`.`address`, `property`.`imageUrl`, `property`.`ownerId`, `property`.`createdAt`, `property`.`updatedAt` FROM `property` WHERE 1=1
[VALIDATE] Validating body: {"name":"Booking Tester","email":"book-983742@example.com","password":"password123"}
[VALIDATE] Validation passed
18:04:40 [[32minfo[39m]: Registration attempt {"service":"booking-app","context":"AUTH","email":"book-983742@example.com"}
[REPOSITORY] Finding user by email: book-983742@example.com
prisma:query SELECT `user`.`id`, `user`.`email`, `user`.`name`, `user`.`password`, `user`.`createdAt`, `user`.`role`, `user`.`updatedAt` FROM `user` WHERE (`user`.`email` = ? AND 1=1) LIMIT ? OFFSET ?
[REPOSITORY] User not found: book-983742@example.com
[VALIDATE] Validating body: {"name":"reg-869924","email":"reg-869924@example.com","password":"password123"}
[VALIDATE] Validation passed
18:04:40 [[32minfo[39m]: Registration attempt {"service":"booking-app","context":"AUTH","email":"reg-869924@example.com"}
[REPOSITORY] Finding user by email: reg-869924@example.com
prisma:query SELECT `user`.`id`, `user`.`email`, `user`.`name`, `user`.`password`, `user`.`createdAt`, `user`.`role`, `user`.`updatedAt` FROM `user` WHERE (`user`.`email` = ? AND 1=1) LIMIT ? OFFSET ?
[REPOSITORY] User not found: reg-869924@example.com
[REPOSITORY] Creating user: book-983742@example.com
prisma:query INSERT INTO `user` (`id`,`email`,`name`,`password`,`createdAt`,`role`,`updatedAt`) VALUES (?,?,?,?,?,?,?)
prisma:query SELECT `user`.`id`, `user`.`email`, `user`.`name`, `user`.`password`, `user`.`createdAt`, `user`.`role`, `user`.`updatedAt` FROM `user` WHERE `user`.`id` = ? LIMIT ? OFFSET ?
prisma:query COMMIT
[REPOSITORY] User created: c7abfe26-7373-4b18-a51f-251a27ae229c
18:04:40 [[32minfo[39m]: User created successfully {"service":"booking-app","context":"AUTH","userId":"c7abfe26-7373-4b18-a51f-251a27ae229c","email":"book-983742@example.com"}
18:04:40 [[32minfo[39m]: Creating refresh token {"service":"booking-app","context":"AUTH","userId":"c7abfe26-7373-4b18-a51f-251a27ae229c"}
[REFRESH_REPO] Creating refresh token for user: c7abfe26-7373-4b18-a51f-251a27ae229c
prisma:query INSERT INTO `refreshtoken` (`id`,`token`,`userId`,`expiresAt`,`createdAt`) VALUES (?,?,?,?,?)
prisma:query SELECT `refreshtoken`.`id`, `refreshtoken`.`token`, `refreshtoken`.`userId`, `refreshtoken`.`expiresAt`, `refreshtoken`.`createdAt` FROM `refreshtoken` WHERE `refreshtoken`.`id` = ? LIMIT ? OFFSET ?
prisma:query COMMIT
[REFRESH_REPO] Refresh token created: 8f84496e-7a59-48bb-910f-4c69c420648e
18:04:40 [[32minfo[39m]: Refresh token created {"service":"booking-app","context":"AUTH","userId":"c7abfe26-7373-4b18-a51f-251a27ae229c"}
18:04:40 [[32minfo[39m]: Registration successful {"service":"booking-app","context":"AUTH","email":"book-983742@example.com","userId":"c7abfe26-7373-4b18-a51f-251a27ae229c"}
[REPOSITORY] Creating user: reg-869924@example.com
prisma:query INSERT INTO `user` (`id`,`email`,`name`,`password`,`createdAt`,`role`,`updatedAt`) VALUES (?,?,?,?,?,?,?)
prisma:query SELECT `user`.`id`, `user`.`email`, `user`.`name`, `user`.`password`, `user`.`createdAt`, `user`.`role`, `user`.`updatedAt` FROM `user` WHERE `user`.`id` = ? LIMIT ? OFFSET ?
prisma:query COMMIT
[REPOSITORY] User created: f94d1481-9894-445c-b518-a3e6124b75ec
18:04:40 [[32minfo[39m]: User created successfully {"service":"booking-app","context":"AUTH","userId":"f94d1481-9894-445c-b518-a3e6124b75ec","email":"reg-869924@example.com"}
18:04:40 [[32minfo[39m]: Creating refresh token {"service":"booking-app","context":"AUTH","userId":"f94d1481-9894-445c-b518-a3e6124b75ec"}
[REFRESH_REPO] Creating refresh token for user: f94d1481-9894-445c-b518-a3e6124b75ec
prisma:query INSERT INTO `refreshtoken` (`id`,`token`,`userId`,`expiresAt`,`createdAt`) VALUES (?,?,?,?,?)
prisma:query SELECT `refreshtoken`.`id`, `refreshtoken`.`token`, `refreshtoken`.`userId`, `refreshtoken`.`expiresAt`, `refreshtoken`.`createdAt` FROM `refreshtoken` WHERE `refreshtoken`.`id` = ? LIMIT ? OFFSET ?
prisma:query COMMIT
[REFRESH_REPO] Refresh token created: b05b5dcd-2307-4078-b770-c25cd8d48ac6
18:04:40 [[32minfo[39m]: Refresh token created {"service":"booking-app","context":"AUTH","userId":"f94d1481-9894-445c-b518-a3e6124b75ec"}
18:04:40 [[32minfo[39m]: Registration successful {"service":"booking-app","context":"AUTH","email":"reg-869924@example.com","userId":"f94d1481-9894-445c-b518-a3e6124b75ec"}
[VALIDATE] Validating body: {"name":"login-878837","email":"login-878837@example.com","password":"password123"}
[VALIDATE] Validation passed
18:04:40 [[32minfo[39m]: Registration attempt {"service":"booking-app","context":"AUTH","email":"login-878837@example.com"}
[REPOSITORY] Finding user by email: login-878837@example.com
prisma:query SELECT `user`.`id`, `user`.`email`, `user`.`name`, `user`.`password`, `user`.`createdAt`, `user`.`role`, `user`.`updatedAt` FROM `user` WHERE (`user`.`email` = ? AND 1=1) LIMIT ? OFFSET ?
[REPOSITORY] User not found: login-878837@example.com
[REPOSITORY] Creating user: login-878837@example.com
prisma:query INSERT INTO `user` (`id`,`email`,`name`,`password`,`createdAt`,`role`,`updatedAt`) VALUES (?,?,?,?,?,?,?)
prisma:query SELECT `user`.`id`, `user`.`email`, `user`.`name`, `user`.`password`, `user`.`createdAt`, `user`.`role`, `user`.`updatedAt` FROM `user` WHERE `user`.`id` = ? LIMIT ? OFFSET ?
prisma:query COMMIT
[REPOSITORY] User created: 7851dca6-c631-4b6e-bb88-41119703de24
18:04:40 [[32minfo[39m]: User created successfully {"service":"booking-app","context":"AUTH","userId":"7851dca6-c631-4b6e-bb88-41119703de24","email":"login-878837@example.com"}
18:04:40 [[32minfo[39m]: Creating refresh token {"service":"booking-app","context":"AUTH","userId":"7851dca6-c631-4b6e-bb88-41119703de24"}
[REFRESH_REPO] Creating refresh token for user: 7851dca6-c631-4b6e-bb88-41119703de24
prisma:query INSERT INTO `refreshtoken` (`id`,`token`,`userId`,`expiresAt`,`createdAt`) VALUES (?,?,?,?,?)
prisma:query SELECT `refreshtoken`.`id`, `refreshtoken`.`token`, `refreshtoken`.`userId`, `refreshtoken`.`expiresAt`, `refreshtoken`.`createdAt` FROM `refreshtoken` WHERE `refreshtoken`.`id` = ? LIMIT ? OFFSET ?
prisma:query COMMIT
[REFRESH_REPO] Refresh token created: 47e392be-1eaa-4a12-bb82-e1f3d97e2dfa
18:04:40 [[32minfo[39m]: Refresh token created {"service":"booking-app","context":"AUTH","userId":"7851dca6-c631-4b6e-bb88-41119703de24"}
18:04:40 [[32minfo[39m]: Registration successful {"service":"booking-app","context":"AUTH","email":"login-878837@example.com","userId":"7851dca6-c631-4b6e-bb88-41119703de24"}
prisma:query SELECT `property`.`id`, `property`.`title`, `property`.`description`, `property`.`pricePerNight`, `property`.`address`, `property`.`imageUrl`, `property`.`ownerId`, `property`.`createdAt`, `property`.`updatedAt` FROM `property` WHERE 1=1
prisma:query SELECT `property`.`id`, `property`.`title`, `property`.`description`, `property`.`pricePerNight`, `property`.`address`, `property`.`imageUrl`, `property`.`ownerId`, `property`.`createdAt`, `property`.`updatedAt` FROM `property` WHERE 1=1
[REPOSITORY] Finding user by id: 7851dca6-c631-4b6e-bb88-41119703de24
prisma:query SELECT `user`.`id`, `user`.`email`, `user`.`name`, `user`.`password`, `user`.`createdAt`, `user`.`role`, `user`.`updatedAt` FROM `user` WHERE (`user`.`id` = ? AND 1=1) LIMIT ? OFFSET ?
18:04:41 [[32minfo[39m]: Get me successful {"service":"booking-app","userId":"7851dca6-c631-4b6e-bb88-41119703de24","userEmail":"login-878837@example.com","userRole":"USER","context":"AUTH","email":"login-878837@example.com"}
[VALIDATE] Validating body: {"email":"login-878837@example.com","password":"password123"}
[VALIDATE] Validation passed
18:04:41 [[32minfo[39m]: Login attempt {"service":"booking-app","context":"AUTH","email":"login-878837@example.com"}
[REPOSITORY] Finding user by email: login-878837@example.com
prisma:query SELECT `user`.`id`, `user`.`email`, `user`.`name`, `user`.`password`, `user`.`createdAt`, `user`.`role`, `user`.`updatedAt` FROM `user` WHERE (`user`.`email` = ? AND 1=1) LIMIT ? OFFSET ?
[REPOSITORY] User found: 7851dca6-c631-4b6e-bb88-41119703de24
18:04:42 [[32minfo[39m]: Login successful {"service":"booking-app","context":"AUTH","userId":"7851dca6-c631-4b6e-bb88-41119703de24","email":"login-878837@example.com"}
18:04:42 [[32minfo[39m]: Creating refresh token {"service":"booking-app","context":"AUTH","userId":"7851dca6-c631-4b6e-bb88-41119703de24"}
[REFRESH_REPO] Creating refresh token for user: 7851dca6-c631-4b6e-bb88-41119703de24
prisma:query INSERT INTO `refreshtoken` (`id`,`token`,`userId`,`expiresAt`,`createdAt`) VALUES (?,?,?,?,?)
prisma:query SELECT `refreshtoken`.`id`, `refreshtoken`.`token`, `refreshtoken`.`userId`, `refreshtoken`.`expiresAt`, `refreshtoken`.`createdAt` FROM `refreshtoken` WHERE `refreshtoken`.`id` = ? LIMIT ? OFFSET ?
prisma:query COMMIT
[REFRESH_REPO] Refresh token created: 5674c2a6-9e83-4dc0-bd78-738892f90fae
18:04:42 [[32minfo[39m]: Refresh token created {"service":"booking-app","context":"AUTH","userId":"7851dca6-c631-4b6e-bb88-41119703de24"}
18:04:42 [[32minfo[39m]: Login successful {"service":"booking-app","context":"AUTH","email":"login-878837@example.com","userId":"7851dca6-c631-4b6e-bb88-41119703de24"}
prisma:query SELECT `property`.`id`, `property`.`title`, `property`.`description`, `property`.`pricePerNight`, `property`.`address`, `property`.`imageUrl`, `property`.`ownerId`, `property`.`createdAt`, `property`.`updatedAt` FROM `property` WHERE 1=1
[VALIDATE] Validating body: {"name":"login-987330","email":"login-987330@example.com","password":"password123"}
[VALIDATE] Validation passed
18:04:42 [[32minfo[39m]: Registration attempt {"service":"booking-app","context":"AUTH","email":"login-987330@example.com"}
[REPOSITORY] Finding user by email: login-987330@example.com
prisma:query SELECT `user`.`id`, `user`.`email`, `user`.`name`, `user`.`password`, `user`.`createdAt`, `user`.`role`, `user`.`updatedAt` FROM `user` WHERE (`user`.`email` = ? AND 1=1) LIMIT ? OFFSET ?
[REPOSITORY] User not found: login-987330@example.com
[REPOSITORY] Creating user: login-987330@example.com
prisma:query INSERT INTO `user` (`id`,`email`,`name`,`password`,`createdAt`,`role`,`updatedAt`) VALUES (?,?,?,?,?,?,?)
prisma:query SELECT `user`.`id`, `user`.`email`, `user`.`name`, `user`.`password`, `user`.`createdAt`, `user`.`role`, `user`.`updatedAt` FROM `user` WHERE `user`.`id` = ? LIMIT ? OFFSET ?
prisma:query COMMIT
[REPOSITORY] User created: 630f6a42-400f-4efb-9e73-802a6a37843e
18:04:42 [[32minfo[39m]: User created successfully {"service":"booking-app","context":"AUTH","userId":"630f6a42-400f-4efb-9e73-802a6a37843e","email":"login-987330@example.com"}
18:04:42 [[32minfo[39m]: Creating refresh token {"service":"booking-app","context":"AUTH","userId":"630f6a42-400f-4efb-9e73-802a6a37843e"}
[REFRESH_REPO] Creating refresh token for user: 630f6a42-400f-4efb-9e73-802a6a37843e
prisma:query INSERT INTO `refreshtoken` (`id`,`token`,`userId`,`expiresAt`,`createdAt`) VALUES (?,?,?,?,?)
prisma:query SELECT `refreshtoken`.`id`, `refreshtoken`.`token`, `refreshtoken`.`userId`, `refreshtoken`.`expiresAt`, `refreshtoken`.`createdAt` FROM `refreshtoken` WHERE `refreshtoken`.`id` = ? LIMIT ? OFFSET ?
prisma:query COMMIT
[REFRESH_REPO] Refresh token created: 4d245f27-f61a-4563-b585-697e7df14316
18:04:42 [[32minfo[39m]: Refresh token created {"service":"booking-app","context":"AUTH","userId":"630f6a42-400f-4efb-9e73-802a6a37843e"}
18:04:42 [[32minfo[39m]: Registration successful {"service":"booking-app","context":"AUTH","email":"login-987330@example.com","userId":"630f6a42-400f-4efb-9e73-802a6a37843e"}
[VALIDATE] Validating body: {"name":"reg-430205","email":"reg-430205@example.com","password":"password123"}
[VALIDATE] Validation passed
18:04:42 [[32minfo[39m]: Registration attempt {"service":"booking-app","context":"AUTH","email":"reg-430205@example.com"}
[REPOSITORY] Finding user by email: reg-430205@example.com
prisma:query SELECT `user`.`id`, `user`.`email`, `user`.`name`, `user`.`password`, `user`.`createdAt`, `user`.`role`, `user`.`updatedAt` FROM `user` WHERE (`user`.`email` = ? AND 1=1) LIMIT ? OFFSET ?
[REPOSITORY] User not found: reg-430205@example.com
[REPOSITORY] Creating user: reg-430205@example.com
prisma:query INSERT INTO `user` (`id`,`email`,`name`,`password`,`createdAt`,`role`,`updatedAt`) VALUES (?,?,?,?,?,?,?)
prisma:query SELECT `user`.`id`, `user`.`email`, `user`.`name`, `user`.`password`, `user`.`createdAt`, `user`.`role`, `user`.`updatedAt` FROM `user` WHERE `user`.`id` = ? LIMIT ? OFFSET ?
prisma:query COMMIT
[REPOSITORY] User created: 27039867-f073-42f6-86aa-978ab8bf0a93
18:04:42 [[32minfo[39m]: User created successfully {"service":"booking-app","context":"AUTH","userId":"27039867-f073-42f6-86aa-978ab8bf0a93","email":"reg-430205@example.com"}
18:04:42 [[32minfo[39m]: Creating refresh token {"service":"booking-app","context":"AUTH","userId":"27039867-f073-42f6-86aa-978ab8bf0a93"}
[REFRESH_REPO] Creating refresh token for user: 27039867-f073-42f6-86aa-978ab8bf0a93
prisma:query INSERT INTO `refreshtoken` (`id`,`token`,`userId`,`expiresAt`,`createdAt`) VALUES (?,?,?,?,?)
prisma:query SELECT `refreshtoken`.`id`, `refreshtoken`.`token`, `refreshtoken`.`userId`, `refreshtoken`.`expiresAt`, `refreshtoken`.`createdAt` FROM `refreshtoken` WHERE `refreshtoken`.`id` = ? LIMIT ? OFFSET ?
prisma:query COMMIT
[REFRESH_REPO] Refresh token created: 95d854f9-81ef-408f-8edb-d4d80480af6b
18:04:42 [[32minfo[39m]: Refresh token created {"service":"booking-app","context":"AUTH","userId":"27039867-f073-42f6-86aa-978ab8bf0a93"}
18:04:42 [[32minfo[39m]: Registration successful {"service":"booking-app","context":"AUTH","email":"reg-430205@example.com","userId":"27039867-f073-42f6-86aa-978ab8bf0a93"}
prisma:query SELECT `property`.`id`, `property`.`title`, `property`.`description`, `property`.`pricePerNight`, `property`.`address`, `property`.`imageUrl`, `property`.`ownerId`, `property`.`createdAt`, `property`.`updatedAt` FROM `property` WHERE 1=1
prisma:query SELECT `property`.`id`, `property`.`title`, `property`.`description`, `property`.`pricePerNight`, `property`.`address`, `property`.`imageUrl`, `property`.`ownerId`, `property`.`createdAt`, `property`.`updatedAt` FROM `property` WHERE 1=1
prisma:query SELECT `property`.`id`, `property`.`title`, `property`.`description`, `property`.`pricePerNight`, `property`.`address`, `property`.`imageUrl`, `property`.`ownerId`, `property`.`createdAt`, `property`.`updatedAt` FROM `property` WHERE 1=1
prisma:query SELECT `property`.`id`, `property`.`title`, `property`.`description`, `property`.`pricePerNight`, `property`.`address`, `property`.`imageUrl`, `property`.`ownerId`, `property`.`createdAt`, `property`.`updatedAt` FROM `property` WHERE 1=1
prisma:query SELECT `property`.`id`, `property`.`title`, `property`.`description`, `property`.`pricePerNight`, `property`.`address`, `property`.`imageUrl`, `property`.`ownerId`, `property`.`createdAt`, `property`.`updatedAt` FROM `property` WHERE 1=1
[REPOSITORY] Finding user by id: 630f6a42-400f-4efb-9e73-802a6a37843e
prisma:query SELECT `user`.`id`, `user`.`email`, `user`.`name`, `user`.`password`, `user`.`createdAt`, `user`.`role`, `user`.`updatedAt` FROM `user` WHERE (`user`.`id` = ? AND 1=1) LIMIT ? OFFSET ?
18:04:43 [[32minfo[39m]: Get me successful {"service":"booking-app","userId":"630f6a42-400f-4efb-9e73-802a6a37843e","userEmail":"login-987330@example.com","userRole":"USER","context":"AUTH","email":"login-987330@example.com"}
[VALIDATE] Validating body: {"name":"Property Tester","email":"prop-tester-363200@example.com","password":"password123"}
[VALIDATE] Validation passed
18:04:43 [[32minfo[39m]: Registration attempt {"service":"booking-app","context":"AUTH","email":"prop-tester-363200@example.com"}
[REPOSITORY] Finding user by email: prop-tester-363200@example.com
prisma:query SELECT `user`.`id`, `user`.`email`, `user`.`name`, `user`.`password`, `user`.`createdAt`, `user`.`role`, `user`.`updatedAt` FROM `user` WHERE (`user`.`email` = ? AND 1=1) LIMIT ? OFFSET ?
[REPOSITORY] User not found: prop-tester-363200@example.com
[REPOSITORY] Creating user: prop-tester-363200@example.com
prisma:query INSERT INTO `user` (`id`,`email`,`name`,`password`,`createdAt`,`role`,`updatedAt`) VALUES (?,?,?,?,?,?,?)
prisma:query SELECT `user`.`id`, `user`.`email`, `user`.`name`, `user`.`password`, `user`.`createdAt`, `user`.`role`, `user`.`updatedAt` FROM `user` WHERE `user`.`id` = ? LIMIT ? OFFSET ?
prisma:query COMMIT
[REPOSITORY] User created: 2648a05b-ff04-462d-9738-76e442e69810
18:04:43 [[32minfo[39m]: User created successfully {"service":"booking-app","context":"AUTH","userId":"2648a05b-ff04-462d-9738-76e442e69810","email":"prop-tester-363200@example.com"}
18:04:43 [[32minfo[39m]: Creating refresh token {"service":"booking-app","context":"AUTH","userId":"2648a05b-ff04-462d-9738-76e442e69810"}
[REFRESH_REPO] Creating refresh token for user: 2648a05b-ff04-462d-9738-76e442e69810
prisma:query INSERT INTO `refreshtoken` (`id`,`token`,`userId`,`expiresAt`,`createdAt`) VALUES (?,?,?,?,?)
prisma:query SELECT `refreshtoken`.`id`, `refreshtoken`.`token`, `refreshtoken`.`userId`, `refreshtoken`.`expiresAt`, `refreshtoken`.`createdAt` FROM `refreshtoken` WHERE `refreshtoken`.`id` = ? LIMIT ? OFFSET ?
prisma:query COMMIT
[REFRESH_REPO] Refresh token created: d2960917-075f-4821-ae25-ca6c1abb38cf
18:04:44 [[32minfo[39m]: Refresh token created {"service":"booking-app","context":"AUTH","userId":"2648a05b-ff04-462d-9738-76e442e69810"}
18:04:44 [[32minfo[39m]: Registration successful {"service":"booking-app","context":"AUTH","email":"prop-tester-363200@example.com","userId":"2648a05b-ff04-462d-9738-76e442e69810"}
[VALIDATE] Validating body: {"email":"login-987330@example.com","password":"password123"}
[VALIDATE] Validation passed
18:04:44 [[32minfo[39m]: Login attempt {"service":"booking-app","context":"AUTH","email":"login-987330@example.com"}
[REPOSITORY] Finding user by email: login-987330@example.com
prisma:query SELECT `user`.`id`, `user`.`email`, `user`.`name`, `user`.`password`, `user`.`createdAt`, `user`.`role`, `user`.`updatedAt` FROM `user` WHERE (`user`.`email` = ? AND 1=1) LIMIT ? OFFSET ?
[REPOSITORY] User found: 630f6a42-400f-4efb-9e73-802a6a37843e
[VALIDATE] Validating body: {"name":"Booking Tester","email":"book-904388@example.com","password":"password123"}
[VALIDATE] Validation passed
18:04:44 [[32minfo[39m]: Registration attempt {"service":"booking-app","context":"AUTH","email":"book-904388@example.com"}
[REPOSITORY] Finding user by email: book-904388@example.com
prisma:query SELECT `user`.`id`, `user`.`email`, `user`.`name`, `user`.`password`, `user`.`createdAt`, `user`.`role`, `user`.`updatedAt` FROM `user` WHERE (`user`.`email` = ? AND 1=1) LIMIT ? OFFSET ?
[REPOSITORY] User not found: book-904388@example.com
18:04:44 [[32minfo[39m]: Login successful {"service":"booking-app","context":"AUTH","userId":"630f6a42-400f-4efb-9e73-802a6a37843e","email":"login-987330@example.com"}
18:04:44 [[32minfo[39m]: Creating refresh token {"service":"booking-app","context":"AUTH","userId":"630f6a42-400f-4efb-9e73-802a6a37843e"}
[REFRESH_REPO] Creating refresh token for user: 630f6a42-400f-4efb-9e73-802a6a37843e
prisma:query INSERT INTO `refreshtoken` (`id`,`token`,`userId`,`expiresAt`,`createdAt`) VALUES (?,?,?,?,?)
prisma:query SELECT `refreshtoken`.`id`, `refreshtoken`.`token`, `refreshtoken`.`userId`, `refreshtoken`.`expiresAt`, `refreshtoken`.`createdAt` FROM `refreshtoken` WHERE `refreshtoken`.`id` = ? LIMIT ? OFFSET ?
prisma:query COMMIT
[REFRESH_REPO] Refresh token created: c6920132-c6cf-42e2-b0fe-214c1e8fc30e
18:04:44 [[32minfo[39m]: Refresh token created {"service":"booking-app","context":"AUTH","userId":"630f6a42-400f-4efb-9e73-802a6a37843e"}
18:04:44 [[32minfo[39m]: Login successful {"service":"booking-app","context":"AUTH","email":"login-987330@example.com","userId":"630f6a42-400f-4efb-9e73-802a6a37843e"}
[REPOSITORY] Creating user: book-904388@example.com
prisma:query INSERT INTO `user` (`id`,`email`,`name`,`password`,`createdAt`,`role`,`updatedAt`) VALUES (?,?,?,?,?,?,?)
prisma:query SELECT `user`.`id`, `user`.`email`, `user`.`name`, `user`.`password`, `user`.`createdAt`, `user`.`role`, `user`.`updatedAt` FROM `user` WHERE `user`.`id` = ? LIMIT ? OFFSET ?
prisma:query COMMIT
[REPOSITORY] User created: 75af0e8d-b417-45c7-b7e5-fc5aa77d74bc
18:04:44 [[32minfo[39m]: User created successfully {"service":"booking-app","context":"AUTH","userId":"75af0e8d-b417-45c7-b7e5-fc5aa77d74bc","email":"book-904388@example.com"}
18:04:44 [[32minfo[39m]: Creating refresh token {"service":"booking-app","context":"AUTH","userId":"75af0e8d-b417-45c7-b7e5-fc5aa77d74bc"}
[REFRESH_REPO] Creating refresh token for user: 75af0e8d-b417-45c7-b7e5-fc5aa77d74bc
prisma:query INSERT INTO `refreshtoken` (`id`,`token`,`userId`,`expiresAt`,`createdAt`) VALUES (?,?,?,?,?)
prisma:query SELECT `refreshtoken`.`id`, `refreshtoken`.`token`, `refreshtoken`.`userId`, `refreshtoken`.`expiresAt`, `refreshtoken`.`createdAt` FROM `refreshtoken` WHERE `refreshtoken`.`id` = ? LIMIT ? OFFSET ?
prisma:query COMMIT
[REFRESH_REPO] Refresh token created: f9e7bc02-c613-4e81-8939-b36e4dad4403
18:04:44 [[32minfo[39m]: Refresh token created {"service":"booking-app","context":"AUTH","userId":"75af0e8d-b417-45c7-b7e5-fc5aa77d74bc"}
18:04:44 [[32minfo[39m]: Registration successful {"service":"booking-app","context":"AUTH","email":"book-904388@example.com","userId":"75af0e8d-b417-45c7-b7e5-fc5aa77d74bc"}
prisma:query SELECT `property`.`id`, `property`.`title`, `property`.`description`, `property`.`pricePerNight`, `property`.`address`, `property`.`imageUrl`, `property`.`ownerId`, `property`.`createdAt`, `property`.`updatedAt` FROM `property` WHERE 1=1
prisma:query SELECT `property`.`id`, `property`.`title`, `property`.`description`, `property`.`pricePerNight`, `property`.`address`, `property`.`imageUrl`, `property`.`ownerId`, `property`.`createdAt`, `property`.`updatedAt` FROM `property` WHERE 1=1
[VALIDATE] Validating body: {"name":"Property Tester","email":"prop-tester-391154@example.com","password":"password123"}
[VALIDATE] Validation passed
18:04:44 [[32minfo[39m]: Registration attempt {"service":"booking-app","context":"AUTH","email":"prop-tester-391154@example.com"}
[REPOSITORY] Finding user by email: prop-tester-391154@example.com
prisma:query SELECT `user`.`id`, `user`.`email`, `user`.`name`, `user`.`password`, `user`.`createdAt`, `user`.`role`, `user`.`updatedAt` FROM `user` WHERE (`user`.`email` = ? AND 1=1) LIMIT ? OFFSET ?
[REPOSITORY] User not found: prop-tester-391154@example.com
prisma:query SELECT `property`.`id`, `property`.`title`, `property`.`description`, `property`.`pricePerNight`, `property`.`address`, `property`.`imageUrl`, `property`.`ownerId`, `property`.`createdAt`, `property`.`updatedAt` FROM `property` WHERE 1=1
prisma:query SELECT `property`.`id`, `property`.`title`, `property`.`description`, `property`.`pricePerNight`, `property`.`address`, `property`.`imageUrl`, `property`.`ownerId`, `property`.`createdAt`, `property`.`updatedAt` FROM `property` WHERE 1=1
[REPOSITORY] Creating user: prop-tester-391154@example.com
prisma:query INSERT INTO `user` (`id`,`email`,`name`,`password`,`createdAt`,`role`,`updatedAt`) VALUES (?,?,?,?,?,?,?)
prisma:query SELECT `user`.`id`, `user`.`email`, `user`.`name`, `user`.`password`, `user`.`createdAt`, `user`.`role`, `user`.`updatedAt` FROM `user` WHERE `user`.`id` = ? LIMIT ? OFFSET ?
prisma:query COMMIT
[REPOSITORY] User created: cd4ebf91-13ce-4c92-8fe6-0df91ed3d30c
18:04:44 [[32minfo[39m]: User created successfully {"service":"booking-app","context":"AUTH","userId":"cd4ebf91-13ce-4c92-8fe6-0df91ed3d30c","email":"prop-tester-391154@example.com"}
18:04:44 [[32minfo[39m]: Creating refresh token {"service":"booking-app","context":"AUTH","userId":"cd4ebf91-13ce-4c92-8fe6-0df91ed3d30c"}
[REFRESH_REPO] Creating refresh token for user: cd4ebf91-13ce-4c92-8fe6-0df91ed3d30c
prisma:query INSERT INTO `refreshtoken` (`id`,`token`,`userId`,`expiresAt`,`createdAt`) VALUES (?,?,?,?,?)
prisma:query SELECT `refreshtoken`.`id`, `refreshtoken`.`token`, `refreshtoken`.`userId`, `refreshtoken`.`expiresAt`, `refreshtoken`.`createdAt` FROM `refreshtoken` WHERE `refreshtoken`.`id` = ? LIMIT ? OFFSET ?
prisma:query COMMIT
[REFRESH_REPO] Refresh token created: 72a9462c-72e2-422d-ab9d-9723987591c3
18:04:44 [[32minfo[39m]: Refresh token created {"service":"booking-app","context":"AUTH","userId":"cd4ebf91-13ce-4c92-8fe6-0df91ed3d30c"}
18:04:44 [[32minfo[39m]: Registration successful {"service":"booking-app","context":"AUTH","email":"prop-tester-391154@example.com","userId":"cd4ebf91-13ce-4c92-8fe6-0df91ed3d30c"}
prisma:query SELECT `property`.`id`, `property`.`title`, `property`.`description`, `property`.`pricePerNight`, `property`.`address`, `property`.`imageUrl`, `property`.`ownerId`, `property`.`createdAt`, `property`.`updatedAt` FROM `property` WHERE 1=1
prisma:query SELECT `property`.`id`, `property`.`title`, `property`.`description`, `property`.`pricePerNight`, `property`.`address`, `property`.`imageUrl`, `property`.`ownerId`, `property`.`createdAt`, `property`.`updatedAt` FROM `property` WHERE 1=1
18:04:45 [[32minfo[39m]: Creating property {"service":"booking-app","userId":"2648a05b-ff04-462d-9738-76e442e69810","userEmail":"prop-tester-363200@example.com","userRole":"USER","context":"PROPERTY","title":"Villa-62693","ownerId":"2648a05b-ff04-462d-9738-76e442e69810"}
prisma:query SELECT `property`.`id`, `property`.`title`, `property`.`description`, `property`.`pricePerNight`, `property`.`address`, `property`.`imageUrl`, `property`.`ownerId`, `property`.`createdAt`, `property`.`updatedAt` FROM `property` WHERE (`property`.`id` = ? AND 1=1) LIMIT ? OFFSET ?
prisma:query INSERT INTO `property` (`id`,`title`,`description`,`pricePerNight`,`address`,`imageUrl`,`ownerId`,`createdAt`,`updatedAt`) VALUES (?,?,?,?,?,?,?,?,?)
prisma:query SELECT `property`.`id`, `property`.`title`, `property`.`description`, `property`.`pricePerNight`, `property`.`address`, `property`.`imageUrl`, `property`.`ownerId`, `property`.`createdAt`, `property`.`updatedAt` FROM `property` WHERE `property`.`id` = ? LIMIT ? OFFSET ?
prisma:query COMMIT
18:04:45 [[32minfo[39m]: Property created successfully {"service":"booking-app","userId":"2648a05b-ff04-462d-9738-76e442e69810","userEmail":"prop-tester-363200@example.com","userRole":"USER","context":"PROPERTY","propertyId":"34ebb835-052a-4f05-83fe-bcbc1b0c7488","title":"Villa-62693"}
18:04:45 [[32minfo[39m]: Creating property {"service":"booking-app","userId":"cd4ebf91-13ce-4c92-8fe6-0df91ed3d30c","userEmail":"prop-tester-391154@example.com","userRole":"USER","context":"PROPERTY","title":"Villa-523244","ownerId":"cd4ebf91-13ce-4c92-8fe6-0df91ed3d30c"}
prisma:query SELECT `property`.`id`, `property`.`title`, `property`.`description`, `property`.`pricePerNight`, `property`.`address`, `property`.`imageUrl`, `property`.`ownerId`, `property`.`createdAt`, `property`.`updatedAt` FROM `property` WHERE (`property`.`id` = ? AND 1=1) LIMIT ? OFFSET ?
prisma:query INSERT INTO `property` (`id`,`title`,`description`,`pricePerNight`,`address`,`imageUrl`,`ownerId`,`createdAt`,`updatedAt`) VALUES (?,?,?,?,?,?,?,?,?)
prisma:query SELECT `property`.`id`, `property`.`title`, `property`.`description`, `property`.`pricePerNight`, `property`.`address`, `property`.`imageUrl`, `property`.`ownerId`, `property`.`createdAt`, `property`.`updatedAt` FROM `property` WHERE `property`.`id` = ? LIMIT ? OFFSET ?
prisma:query COMMIT
18:04:45 [[32minfo[39m]: Property created successfully {"service":"booking-app","userId":"cd4ebf91-13ce-4c92-8fe6-0df91ed3d30c","userEmail":"prop-tester-391154@example.com","userRole":"USER","context":"PROPERTY","propertyId":"2d4408e4-7f32-446e-b1d9-a761afe27531","title":"Villa-523244"}
[VALIDATE] Validating body: {"name":"Property Tester","email":"prop-tester-164181@example.com","password":"password123"}
[VALIDATE] Validation passed
18:04:45 [[32minfo[39m]: Registration attempt {"service":"booking-app","context":"AUTH","email":"prop-tester-164181@example.com"}
[REPOSITORY] Finding user by email: prop-tester-164181@example.com
prisma:query SELECT `user`.`id`, `user`.`email`, `user`.`name`, `user`.`password`, `user`.`createdAt`, `user`.`role`, `user`.`updatedAt` FROM `user` WHERE (`user`.`email` = ? AND 1=1) LIMIT ? OFFSET ?
[REPOSITORY] User not found: prop-tester-164181@example.com
[REPOSITORY] Creating user: prop-tester-164181@example.com
prisma:query INSERT INTO `user` (`id`,`email`,`name`,`password`,`createdAt`,`role`,`updatedAt`) VALUES (?,?,?,?,?,?,?)
prisma:query SELECT `user`.`id`, `user`.`email`, `user`.`name`, `user`.`password`, `user`.`createdAt`, `user`.`role`, `user`.`updatedAt` FROM `user` WHERE `user`.`id` = ? LIMIT ? OFFSET ?
prisma:query COMMIT
[REPOSITORY] User created: 4ff8116b-57dd-44cf-9b86-fe88c51bb44c
18:04:45 [[32minfo[39m]: User created successfully {"service":"booking-app","context":"AUTH","userId":"4ff8116b-57dd-44cf-9b86-fe88c51bb44c","email":"prop-tester-164181@example.com"}
18:04:45 [[32minfo[39m]: Creating refresh token {"service":"booking-app","context":"AUTH","userId":"4ff8116b-57dd-44cf-9b86-fe88c51bb44c"}
[REFRESH_REPO] Creating refresh token for user: 4ff8116b-57dd-44cf-9b86-fe88c51bb44c
prisma:query INSERT INTO `refreshtoken` (`id`,`token`,`userId`,`expiresAt`,`createdAt`) VALUES (?,?,?,?,?)
prisma:query SELECT `refreshtoken`.`id`, `refreshtoken`.`token`, `refreshtoken`.`userId`, `refreshtoken`.`expiresAt`, `refreshtoken`.`createdAt` FROM `refreshtoken` WHERE `refreshtoken`.`id` = ? LIMIT ? OFFSET ?
prisma:query COMMIT
[REFRESH_REPO] Refresh token created: 4ca3ad2f-c5a0-42d5-aacf-b3a0eec77044
18:04:45 [[32minfo[39m]: Refresh token created {"service":"booking-app","context":"AUTH","userId":"4ff8116b-57dd-44cf-9b86-fe88c51bb44c"}
18:04:45 [[32minfo[39m]: Registration successful {"service":"booking-app","context":"AUTH","email":"prop-tester-164181@example.com","userId":"4ff8116b-57dd-44cf-9b86-fe88c51bb44c"}
prisma:query SELECT `property`.`id`, `property`.`title`, `property`.`description`, `property`.`pricePerNight`, `property`.`address`, `property`.`imageUrl`, `property`.`ownerId`, `property`.`createdAt`, `property`.`updatedAt` FROM `property` WHERE 1=1
prisma:query SELECT `property`.`id`, `property`.`title`, `property`.`description`, `property`.`pricePerNight`, `property`.`address`, `property`.`imageUrl`, `property`.`ownerId`, `property`.`createdAt`, `property`.`updatedAt` FROM `property` WHERE 1=1
[VALIDATE] Validating body: {"name":"Property Tester","email":"prop-tester-465536@example.com","password":"password123"}
[VALIDATE] Validation passed
18:04:45 [[32minfo[39m]: Registration attempt {"service":"booking-app","context":"AUTH","email":"prop-tester-465536@example.com"}
[REPOSITORY] Finding user by email: prop-tester-465536@example.com
prisma:query SELECT `user`.`id`, `user`.`email`, `user`.`name`, `user`.`password`, `user`.`createdAt`, `user`.`role`, `user`.`updatedAt` FROM `user` WHERE (`user`.`email` = ? AND 1=1) LIMIT ? OFFSET ?
[REPOSITORY] User not found: prop-tester-465536@example.com
[REPOSITORY] Creating user: prop-tester-465536@example.com
prisma:query INSERT INTO `user` (`id`,`email`,`name`,`password`,`createdAt`,`role`,`updatedAt`) VALUES (?,?,?,?,?,?,?)
prisma:query SELECT `user`.`id`, `user`.`email`, `user`.`name`, `user`.`password`, `user`.`createdAt`, `user`.`role`, `user`.`updatedAt` FROM `user` WHERE `user`.`id` = ? LIMIT ? OFFSET ?
prisma:query COMMIT
[REPOSITORY] User created: 3a4549e5-4f29-4405-8771-28e542726ff4
18:04:45 [[32minfo[39m]: User created successfully {"service":"booking-app","context":"AUTH","userId":"3a4549e5-4f29-4405-8771-28e542726ff4","email":"prop-tester-465536@example.com"}
18:04:45 [[32minfo[39m]: Creating refresh token {"service":"booking-app","context":"AUTH","userId":"3a4549e5-4f29-4405-8771-28e542726ff4"}
[REFRESH_REPO] Creating refresh token for user: 3a4549e5-4f29-4405-8771-28e542726ff4
prisma:query INSERT INTO `refreshtoken` (`id`,`token`,`userId`,`expiresAt`,`createdAt`) VALUES (?,?,?,?,?)
prisma:query SELECT `refreshtoken`.`id`, `refreshtoken`.`token`, `refreshtoken`.`userId`, `refreshtoken`.`expiresAt`, `refreshtoken`.`createdAt` FROM `refreshtoken` WHERE `refreshtoken`.`id` = ? LIMIT ? OFFSET ?
prisma:query COMMIT
[REFRESH_REPO] Refresh token created: 67f17d20-15c3-42b5-90db-927fb8086d40
18:04:45 [[32minfo[39m]: Refresh token created {"service":"booking-app","context":"AUTH","userId":"3a4549e5-4f29-4405-8771-28e542726ff4"}
18:04:45 [[32minfo[39m]: Registration successful {"service":"booking-app","context":"AUTH","email":"prop-tester-465536@example.com","userId":"3a4549e5-4f29-4405-8771-28e542726ff4"}
prisma:query SELECT `property`.`id`, `property`.`title`, `property`.`description`, `property`.`pricePerNight`, `property`.`address`, `property`.`imageUrl`, `property`.`ownerId`, `property`.`createdAt`, `property`.`updatedAt` FROM `property` WHERE 1=1
prisma:query SELECT `property`.`id`, `property`.`title`, `property`.`description`, `property`.`pricePerNight`, `property`.`address`, `property`.`imageUrl`, `property`.`ownerId`, `property`.`createdAt`, `property`.`updatedAt` FROM `property` WHERE 1=1
18:04:46 [[32minfo[39m]: Creating property {"service":"booking-app","userId":"4ff8116b-57dd-44cf-9b86-fe88c51bb44c","userEmail":"prop-tester-164181@example.com","userRole":"USER","context":"PROPERTY","title":"Villa-926989","ownerId":"4ff8116b-57dd-44cf-9b86-fe88c51bb44c"}
prisma:query SELECT `property`.`id`, `property`.`title`, `property`.`description`, `property`.`pricePerNight`, `property`.`address`, `property`.`imageUrl`, `property`.`ownerId`, `property`.`createdAt`, `property`.`updatedAt` FROM `property` WHERE (`property`.`id` = ? AND 1=1) LIMIT ? OFFSET ?
prisma:query INSERT INTO `property` (`id`,`title`,`description`,`pricePerNight`,`address`,`imageUrl`,`ownerId`,`createdAt`,`updatedAt`) VALUES (?,?,?,?,?,?,?,?,?)
prisma:query SELECT `property`.`id`, `property`.`title`, `property`.`description`, `property`.`pricePerNight`, `property`.`address`, `property`.`imageUrl`, `property`.`ownerId`, `property`.`createdAt`, `property`.`updatedAt` FROM `property` WHERE `property`.`id` = ? LIMIT ? OFFSET ?
prisma:query COMMIT
18:04:46 [[32minfo[39m]: Property created successfully {"service":"booking-app","userId":"4ff8116b-57dd-44cf-9b86-fe88c51bb44c","userEmail":"prop-tester-164181@example.com","userRole":"USER","context":"PROPERTY","propertyId":"0f507671-cda2-4667-851e-6c79203722d4","title":"Villa-926989"}
18:04:47 [[32minfo[39m]: Creating property {"service":"booking-app","userId":"3a4549e5-4f29-4405-8771-28e542726ff4","userEmail":"prop-tester-465536@example.com","userRole":"USER","context":"PROPERTY","title":"Villa-318042","ownerId":"3a4549e5-4f29-4405-8771-28e542726ff4"}
prisma:query SELECT `property`.`id`, `property`.`title`, `property`.`description`, `property`.`pricePerNight`, `property`.`address`, `property`.`imageUrl`, `property`.`ownerId`, `property`.`createdAt`, `property`.`updatedAt` FROM `property` WHERE (`property`.`id` = ? AND 1=1) LIMIT ? OFFSET ?
prisma:query INSERT INTO `property` (`id`,`title`,`description`,`pricePerNight`,`address`,`imageUrl`,`ownerId`,`createdAt`,`updatedAt`) VALUES (?,?,?,?,?,?,?,?,?)
prisma:query SELECT `property`.`id`, `property`.`title`, `property`.`description`, `property`.`pricePerNight`, `property`.`address`, `property`.`imageUrl`, `property`.`ownerId`, `property`.`createdAt`, `property`.`updatedAt` FROM `property` WHERE `property`.`id` = ? LIMIT ? OFFSET ?
prisma:query COMMIT
18:04:47 [[32minfo[39m]: Property created successfully {"service":"booking-app","userId":"3a4549e5-4f29-4405-8771-28e542726ff4","userEmail":"prop-tester-465536@example.com","userRole":"USER","context":"PROPERTY","propertyId":"c6165113-f969-4483-9415-ec353e12cfd1","title":"Villa-318042"}
prisma:query SELECT `property`.`id`, `property`.`title`, `property`.`description`, `property`.`pricePerNight`, `property`.`address`, `property`.`imageUrl`, `property`.`ownerId`, `property`.`createdAt`, `property`.`updatedAt` FROM `property` WHERE 1=1
prisma:query SELECT `property`.`id`, `property`.`title`, `property`.`description`, `property`.`pricePerNight`, `property`.`address`, `property`.`imageUrl`, `property`.`ownerId`, `property`.`createdAt`, `property`.`updatedAt` FROM `property` WHERE 1=1
[VALIDATE] Validating body: {"name":"Property Tester","email":"prop-tester-234978@example.com","password":"password123"}
[VALIDATE] Validation passed
18:08:11 [[32minfo[39m]: Registration attempt {"service":"booking-app","context":"AUTH","email":"prop-tester-234978@example.com"}
[REPOSITORY] Finding user by email: prop-tester-234978@example.com
prisma:query SELECT `user`.`id`, `user`.`email`, `user`.`name`, `user`.`password`, `user`.`createdAt`, `user`.`role`, `user`.`updatedAt` FROM `user` WHERE (`user`.`email` = ? AND 1=1) LIMIT ? OFFSET ?
[REPOSITORY] User not found: prop-tester-234978@example.com
[VALIDATE] Validating body: {"name":"reg-176193","email":"reg-176193@example.com","password":"password123"}
[VALIDATE] Validation passed
18:08:11 [[32minfo[39m]: Registration attempt {"service":"booking-app","context":"AUTH","email":"reg-176193@example.com"}
[REPOSITORY] Finding user by email: reg-176193@example.com
[VALIDATE] Validating body: {"name":"login-563935","email":"login-563935@example.com","password":"password123"}
[VALIDATE] Validation passed
18:08:11 [[32minfo[39m]: Registration attempt {"service":"booking-app","context":"AUTH","email":"login-563935@example.com"}
[REPOSITORY] Finding user by email: login-563935@example.com
[VALIDATE] Validating body: {"name":"Property Tester","email":"prop-tester-838194@example.com","password":"password123"}
[VALIDATE] Validation passed
18:08:11 [[32minfo[39m]: Registration attempt {"service":"booking-app","context":"AUTH","email":"prop-tester-838194@example.com"}
[REPOSITORY] Finding user by email: prop-tester-838194@example.com
prisma:query SELECT `user`.`id`, `user`.`email`, `user`.`name`, `user`.`password`, `user`.`createdAt`, `user`.`role`, `user`.`updatedAt` FROM `user` WHERE (`user`.`email` = ? AND 1=1) LIMIT ? OFFSET ?
[REPOSITORY] User not found: reg-176193@example.com
prisma:query SELECT `user`.`id`, `user`.`email`, `user`.`name`, `user`.`password`, `user`.`createdAt`, `user`.`role`, `user`.`updatedAt` FROM `user` WHERE (`user`.`email` = ? AND 1=1) LIMIT ? OFFSET ?
[REPOSITORY] User not found: login-563935@example.com
prisma:query SELECT `user`.`id`, `user`.`email`, `user`.`name`, `user`.`password`, `user`.`createdAt`, `user`.`role`, `user`.`updatedAt` FROM `user` WHERE (`user`.`email` = ? AND 1=1) LIMIT ? OFFSET ?
[REPOSITORY] User not found: prop-tester-838194@example.com
[REPOSITORY] Creating user: prop-tester-234978@example.com
prisma:query INSERT INTO `user` (`id`,`email`,`name`,`password`,`createdAt`,`role`,`updatedAt`) VALUES (?,?,?,?,?,?,?)
prisma:query SELECT `user`.`id`, `user`.`email`, `user`.`name`, `user`.`password`, `user`.`createdAt`, `user`.`role`, `user`.`updatedAt` FROM `user` WHERE `user`.`id` = ? LIMIT ? OFFSET ?
prisma:query COMMIT
[REPOSITORY] User created: ad6228ee-e5be-440f-8f91-f4d424d98a35
18:08:11 [[32minfo[39m]: User created successfully {"service":"booking-app","context":"AUTH","userId":"ad6228ee-e5be-440f-8f91-f4d424d98a35","email":"prop-tester-234978@example.com"}
18:08:11 [[32minfo[39m]: Creating refresh token {"service":"booking-app","context":"AUTH","userId":"ad6228ee-e5be-440f-8f91-f4d424d98a35"}
[REFRESH_REPO] Creating refresh token for user: ad6228ee-e5be-440f-8f91-f4d424d98a35
prisma:query INSERT INTO `refreshtoken` (`id`,`token`,`userId`,`expiresAt`,`createdAt`) VALUES (?,?,?,?,?)
prisma:query SELECT `refreshtoken`.`id`, `refreshtoken`.`token`, `refreshtoken`.`userId`, `refreshtoken`.`expiresAt`, `refreshtoken`.`createdAt` FROM `refreshtoken` WHERE `refreshtoken`.`id` = ? LIMIT ? OFFSET ?
prisma:query COMMIT
[REFRESH_REPO] Refresh token created: 1adbb231-e6f1-464d-90c5-56bace6fbc57
18:08:11 [[32minfo[39m]: Refresh token created {"service":"booking-app","context":"AUTH","userId":"ad6228ee-e5be-440f-8f91-f4d424d98a35"}
18:08:11 [[32minfo[39m]: Registration successful {"service":"booking-app","context":"AUTH","email":"prop-tester-234978@example.com","userId":"ad6228ee-e5be-440f-8f91-f4d424d98a35"}
[REPOSITORY] Creating user: reg-176193@example.com
[REPOSITORY] Creating user: login-563935@example.com
[VALIDATE] Validating body: {"name":"Booking Tester","email":"book-746192@example.com","password":"password123"}
[VALIDATE] Validation passed
18:08:11 [[32minfo[39m]: Registration attempt {"service":"booking-app","context":"AUTH","email":"book-746192@example.com"}
[REPOSITORY] Finding user by email: book-746192@example.com
prisma:query SELECT `user`.`id`, `user`.`email`, `user`.`name`, `user`.`password`, `user`.`createdAt`, `user`.`role`, `user`.`updatedAt` FROM `user` WHERE (`user`.`email` = ? AND 1=1) LIMIT ? OFFSET ?
[REPOSITORY] User not found: book-746192@example.com
prisma:query INSERT INTO `user` (`id`,`email`,`name`,`password`,`createdAt`,`role`,`updatedAt`) VALUES (?,?,?,?,?,?,?)
prisma:query INSERT INTO `user` (`id`,`email`,`name`,`password`,`createdAt`,`role`,`updatedAt`) VALUES (?,?,?,?,?,?,?)
prisma:query SELECT `user`.`id`, `user`.`email`, `user`.`name`, `user`.`password`, `user`.`createdAt`, `user`.`role`, `user`.`updatedAt` FROM `user` WHERE `user`.`id` = ? LIMIT ? OFFSET ?
prisma:query SELECT `user`.`id`, `user`.`email`, `user`.`name`, `user`.`password`, `user`.`createdAt`, `user`.`role`, `user`.`updatedAt` FROM `user` WHERE `user`.`id` = ? LIMIT ? OFFSET ?
[REPOSITORY] Creating user: prop-tester-838194@example.com
prisma:query COMMIT
[REPOSITORY] User created: 6ad704b3-5b6e-4d1c-b66a-eeea2e51dd3f
18:08:11 [[32minfo[39m]: User created successfully {"service":"booking-app","context":"AUTH","userId":"6ad704b3-5b6e-4d1c-b66a-eeea2e51dd3f","email":"reg-176193@example.com"}
18:08:11 [[32minfo[39m]: Creating refresh token {"service":"booking-app","context":"AUTH","userId":"6ad704b3-5b6e-4d1c-b66a-eeea2e51dd3f"}
[REFRESH_REPO] Creating refresh token for user: 6ad704b3-5b6e-4d1c-b66a-eeea2e51dd3f
prisma:query COMMIT
[REPOSITORY] User created: 3b90b174-2a83-4a08-845d-b9af9bded18f
18:08:11 [[32minfo[39m]: User created successfully {"service":"booking-app","context":"AUTH","userId":"3b90b174-2a83-4a08-845d-b9af9bded18f","email":"login-563935@example.com"}
18:08:11 [[32minfo[39m]: Creating refresh token {"service":"booking-app","context":"AUTH","userId":"3b90b174-2a83-4a08-845d-b9af9bded18f"}
[REFRESH_REPO] Creating refresh token for user: 3b90b174-2a83-4a08-845d-b9af9bded18f
prisma:query INSERT INTO `user` (`id`,`email`,`name`,`password`,`createdAt`,`role`,`updatedAt`) VALUES (?,?,?,?,?,?,?)
prisma:query INSERT INTO `refreshtoken` (`id`,`token`,`userId`,`expiresAt`,`createdAt`) VALUES (?,?,?,?,?)
prisma:query INSERT INTO `refreshtoken` (`id`,`token`,`userId`,`expiresAt`,`createdAt`) VALUES (?,?,?,?,?)
prisma:query SELECT `refreshtoken`.`id`, `refreshtoken`.`token`, `refreshtoken`.`userId`, `refreshtoken`.`expiresAt`, `refreshtoken`.`createdAt` FROM `refreshtoken` WHERE `refreshtoken`.`id` = ? LIMIT ? OFFSET ?
prisma:query SELECT `user`.`id`, `user`.`email`, `user`.`name`, `user`.`password`, `user`.`createdAt`, `user`.`role`, `user`.`updatedAt` FROM `user` WHERE `user`.`id` = ? LIMIT ? OFFSET ?
prisma:query SELECT `refreshtoken`.`id`, `refreshtoken`.`token`, `refreshtoken`.`userId`, `refreshtoken`.`expiresAt`, `refreshtoken`.`createdAt` FROM `refreshtoken` WHERE `refreshtoken`.`id` = ? LIMIT ? OFFSET ?
prisma:query COMMIT
[REFRESH_REPO] Refresh token created: 2345cd36-da48-4687-b32e-0233ee940e7e
18:08:11 [[32minfo[39m]: Refresh token created {"service":"booking-app","context":"AUTH","userId":"6ad704b3-5b6e-4d1c-b66a-eeea2e51dd3f"}
18:08:11 [[32minfo[39m]: Registration successful {"service":"booking-app","context":"AUTH","email":"reg-176193@example.com","userId":"6ad704b3-5b6e-4d1c-b66a-eeea2e51dd3f"}
prisma:query COMMIT
[REFRESH_REPO] Refresh token created: 6d4ee1fb-0d6e-47e2-a000-3cdc480dbdf5
18:08:11 [[32minfo[39m]: Refresh token created {"service":"booking-app","context":"AUTH","userId":"3b90b174-2a83-4a08-845d-b9af9bded18f"}
18:08:11 [[32minfo[39m]: Registration successful {"service":"booking-app","context":"AUTH","email":"login-563935@example.com","userId":"3b90b174-2a83-4a08-845d-b9af9bded18f"}
prisma:query COMMIT
[REPOSITORY] User created: 4557b84d-e346-4fbc-a1d8-532fcd3bec58
18:08:11 [[32minfo[39m]: User created successfully {"service":"booking-app","context":"AUTH","userId":"4557b84d-e346-4fbc-a1d8-532fcd3bec58","email":"prop-tester-838194@example.com"}
18:08:11 [[32minfo[39m]: Creating refresh token {"service":"booking-app","context":"AUTH","userId":"4557b84d-e346-4fbc-a1d8-532fcd3bec58"}
[REFRESH_REPO] Creating refresh token for user: 4557b84d-e346-4fbc-a1d8-532fcd3bec58
prisma:query INSERT INTO `refreshtoken` (`id`,`token`,`userId`,`expiresAt`,`createdAt`) VALUES (?,?,?,?,?)
prisma:query SELECT `refreshtoken`.`id`, `refreshtoken`.`token`, `refreshtoken`.`userId`, `refreshtoken`.`expiresAt`, `refreshtoken`.`createdAt` FROM `refreshtoken` WHERE `refreshtoken`.`id` = ? LIMIT ? OFFSET ?
prisma:query COMMIT
[REFRESH_REPO] Refresh token created: b6b13ab8-51c1-4c68-b081-ea3c447fa343
18:08:11 [[32minfo[39m]: Refresh token created {"service":"booking-app","context":"AUTH","userId":"4557b84d-e346-4fbc-a1d8-532fcd3bec58"}
18:08:11 [[32minfo[39m]: Registration successful {"service":"booking-app","context":"AUTH","email":"prop-tester-838194@example.com","userId":"4557b84d-e346-4fbc-a1d8-532fcd3bec58"}
[REPOSITORY] Creating user: book-746192@example.com
prisma:query INSERT INTO `user` (`id`,`email`,`name`,`password`,`createdAt`,`role`,`updatedAt`) VALUES (?,?,?,?,?,?,?)
prisma:query SELECT `user`.`id`, `user`.`email`, `user`.`name`, `user`.`password`, `user`.`createdAt`, `user`.`role`, `user`.`updatedAt` FROM `user` WHERE `user`.`id` = ? LIMIT ? OFFSET ?
prisma:query COMMIT
[REPOSITORY] User created: 355da0d3-7f71-4cd1-8f55-7065fc4243af
18:08:11 [[32minfo[39m]: User created successfully {"service":"booking-app","context":"AUTH","userId":"355da0d3-7f71-4cd1-8f55-7065fc4243af","email":"book-746192@example.com"}
18:08:11 [[32minfo[39m]: Creating refresh token {"service":"booking-app","context":"AUTH","userId":"355da0d3-7f71-4cd1-8f55-7065fc4243af"}
[REFRESH_REPO] Creating refresh token for user: 355da0d3-7f71-4cd1-8f55-7065fc4243af
prisma:query INSERT INTO `refreshtoken` (`id`,`token`,`userId`,`expiresAt`,`createdAt`) VALUES (?,?,?,?,?)
prisma:query SELECT `refreshtoken`.`id`, `refreshtoken`.`token`, `refreshtoken`.`userId`, `refreshtoken`.`expiresAt`, `refreshtoken`.`createdAt` FROM `refreshtoken` WHERE `refreshtoken`.`id` = ? LIMIT ? OFFSET ?
prisma:query COMMIT
[REFRESH_REPO] Refresh token created: ec9a7a5d-4e99-4d5e-898f-a2a2331c7df0
18:08:11 [[32minfo[39m]: Refresh token created {"service":"booking-app","context":"AUTH","userId":"355da0d3-7f71-4cd1-8f55-7065fc4243af"}
18:08:11 [[32minfo[39m]: Registration successful {"service":"booking-app","context":"AUTH","email":"book-746192@example.com","userId":"355da0d3-7f71-4cd1-8f55-7065fc4243af"}
prisma:query SELECT `property`.`id`, `property`.`title`, `property`.`description`, `property`.`pricePerNight`, `property`.`address`, `property`.`imageUrl`, `property`.`ownerId`, `property`.`createdAt`, `property`.`updatedAt` FROM `property` WHERE 1=1
[REPOSITORY] Finding user by id: ad6228ee-e5be-440f-8f91-f4d424d98a35
prisma:query SELECT `user`.`id`, `user`.`email`, `user`.`name`, `user`.`password`, `user`.`createdAt`, `user`.`role`, `user`.`updatedAt` FROM `user` WHERE (`user`.`id` = ? AND 1=1) LIMIT ? OFFSET ?
18:08:12 [[32minfo[39m]: Get me successful {"service":"booking-app","userId":"ad6228ee-e5be-440f-8f91-f4d424d98a35","userEmail":"prop-tester-234978@example.com","userRole":"USER","context":"AUTH","email":"prop-tester-234978@example.com"}
prisma:query SELECT `property`.`id`, `property`.`title`, `property`.`description`, `property`.`pricePerNight`, `property`.`address`, `property`.`imageUrl`, `property`.`ownerId`, `property`.`createdAt`, `property`.`updatedAt` FROM `property` WHERE 1=1
[REPOSITORY] Finding user by id: 4557b84d-e346-4fbc-a1d8-532fcd3bec58
prisma:query SELECT `user`.`id`, `user`.`email`, `user`.`name`, `user`.`password`, `user`.`createdAt`, `user`.`role`, `user`.`updatedAt` FROM `user` WHERE (`user`.`id` = ? AND 1=1) LIMIT ? OFFSET ?
18:08:12 [[32minfo[39m]: Get me successful {"service":"booking-app","userId":"4557b84d-e346-4fbc-a1d8-532fcd3bec58","userEmail":"prop-tester-838194@example.com","userRole":"USER","context":"AUTH","email":"prop-tester-838194@example.com"}
[REPOSITORY] Finding user by id: 3b90b174-2a83-4a08-845d-b9af9bded18f
prisma:query SELECT `user`.`id`, `user`.`email`, `user`.`name`, `user`.`password`, `user`.`createdAt`, `user`.`role`, `user`.`updatedAt` FROM `user` WHERE (`user`.`id` = ? AND 1=1) LIMIT ? OFFSET ?
18:08:12 [[32minfo[39m]: Get me successful {"service":"booking-app","userId":"3b90b174-2a83-4a08-845d-b9af9bded18f","userEmail":"login-563935@example.com","userRole":"USER","context":"AUTH","email":"login-563935@example.com"}
[VALIDATE] Validating body: {"email":"login-563935@example.com","password":"password123"}
[VALIDATE] Validation passed
18:08:12 [[32minfo[39m]: Login attempt {"service":"booking-app","context":"AUTH","email":"login-563935@example.com"}
[REPOSITORY] Finding user by email: login-563935@example.com
prisma:query SELECT `user`.`id`, `user`.`email`, `user`.`name`, `user`.`password`, `user`.`createdAt`, `user`.`role`, `user`.`updatedAt` FROM `user` WHERE (`user`.`email` = ? AND 1=1) LIMIT ? OFFSET ?
[REPOSITORY] User found: 3b90b174-2a83-4a08-845d-b9af9bded18f
18:08:12 [[32minfo[39m]: Login successful {"service":"booking-app","context":"AUTH","userId":"3b90b174-2a83-4a08-845d-b9af9bded18f","email":"login-563935@example.com"}
18:08:12 [[32minfo[39m]: Creating refresh token {"service":"booking-app","context":"AUTH","userId":"3b90b174-2a83-4a08-845d-b9af9bded18f"}
[REFRESH_REPO] Creating refresh token for user: 3b90b174-2a83-4a08-845d-b9af9bded18f
prisma:query INSERT INTO `refreshtoken` (`id`,`token`,`userId`,`expiresAt`,`createdAt`) VALUES (?,?,?,?,?)
prisma:query SELECT `refreshtoken`.`id`, `refreshtoken`.`token`, `refreshtoken`.`userId`, `refreshtoken`.`expiresAt`, `refreshtoken`.`createdAt` FROM `refreshtoken` WHERE `refreshtoken`.`id` = ? LIMIT ? OFFSET ?
prisma:query COMMIT
[REFRESH_REPO] Refresh token created: 181bca9e-262a-4585-9edc-bd5339b4bdb2
18:08:12 [[32minfo[39m]: Refresh token created {"service":"booking-app","context":"AUTH","userId":"3b90b174-2a83-4a08-845d-b9af9bded18f"}
18:08:12 [[32minfo[39m]: Login successful {"service":"booking-app","context":"AUTH","email":"login-563935@example.com","userId":"3b90b174-2a83-4a08-845d-b9af9bded18f"}
prisma:query SELECT `property`.`id`, `property`.`title`, `property`.`description`, `property`.`pricePerNight`, `property`.`address`, `property`.`imageUrl`, `property`.`ownerId`, `property`.`createdAt`, `property`.`updatedAt` FROM `property` WHERE 1=1
prisma:query SELECT `property`.`id`, `property`.`title`, `property`.`description`, `property`.`pricePerNight`, `property`.`address`, `property`.`imageUrl`, `property`.`ownerId`, `property`.`createdAt`, `property`.`updatedAt` FROM `property` WHERE 1=1
[VALIDATE] Validating body: {"name":"reg-220125","email":"reg-220125@example.com","password":"password123"}
[VALIDATE] Validation passed
18:08:13 [[32minfo[39m]: Registration attempt {"service":"booking-app","context":"AUTH","email":"reg-220125@example.com"}
[REPOSITORY] Finding user by email: reg-220125@example.com
prisma:query SELECT `user`.`id`, `user`.`email`, `user`.`name`, `user`.`password`, `user`.`createdAt`, `user`.`role`, `user`.`updatedAt` FROM `user` WHERE (`user`.`email` = ? AND 1=1) LIMIT ? OFFSET ?
[REPOSITORY] User not found: reg-220125@example.com
[REPOSITORY] Creating user: reg-220125@example.com
prisma:query INSERT INTO `user` (`id`,`email`,`name`,`password`,`createdAt`,`role`,`updatedAt`) VALUES (?,?,?,?,?,?,?)
prisma:query SELECT `user`.`id`, `user`.`email`, `user`.`name`, `user`.`password`, `user`.`createdAt`, `user`.`role`, `user`.`updatedAt` FROM `user` WHERE `user`.`id` = ? LIMIT ? OFFSET ?
prisma:query COMMIT
[REPOSITORY] User created: ce6994a5-e24e-4c10-9ffe-8b6ea9975903
18:08:13 [[32minfo[39m]: User created successfully {"service":"booking-app","context":"AUTH","userId":"ce6994a5-e24e-4c10-9ffe-8b6ea9975903","email":"reg-220125@example.com"}
18:08:13 [[32minfo[39m]: Creating refresh token {"service":"booking-app","context":"AUTH","userId":"ce6994a5-e24e-4c10-9ffe-8b6ea9975903"}
[REFRESH_REPO] Creating refresh token for user: ce6994a5-e24e-4c10-9ffe-8b6ea9975903
prisma:query INSERT INTO `refreshtoken` (`id`,`token`,`userId`,`expiresAt`,`createdAt`) VALUES (?,?,?,?,?)
prisma:query SELECT `refreshtoken`.`id`, `refreshtoken`.`token`, `refreshtoken`.`userId`, `refreshtoken`.`expiresAt`, `refreshtoken`.`createdAt` FROM `refreshtoken` WHERE `refreshtoken`.`id` = ? LIMIT ? OFFSET ?
prisma:query COMMIT
[REFRESH_REPO] Refresh token created: 6a982cc4-0523-4fe8-b94e-8402a1685014
18:08:13 [[32minfo[39m]: Refresh token created {"service":"booking-app","context":"AUTH","userId":"ce6994a5-e24e-4c10-9ffe-8b6ea9975903"}
18:08:13 [[32minfo[39m]: Registration successful {"service":"booking-app","context":"AUTH","email":"reg-220125@example.com","userId":"ce6994a5-e24e-4c10-9ffe-8b6ea9975903"}
[VALIDATE] Validating body: {"name":"Booking Tester","email":"book-564016@example.com","password":"password123"}
[VALIDATE] Validation passed
18:08:13 [[32minfo[39m]: Registration attempt {"service":"booking-app","context":"AUTH","email":"book-564016@example.com"}
[REPOSITORY] Finding user by email: book-564016@example.com
prisma:query SELECT `user`.`id`, `user`.`email`, `user`.`name`, `user`.`password`, `user`.`createdAt`, `user`.`role`, `user`.`updatedAt` FROM `user` WHERE (`user`.`email` = ? AND 1=1) LIMIT ? OFFSET ?
[REPOSITORY] User not found: book-564016@example.com
[REPOSITORY] Creating user: book-564016@example.com
prisma:query INSERT INTO `user` (`id`,`email`,`name`,`password`,`createdAt`,`role`,`updatedAt`) VALUES (?,?,?,?,?,?,?)
prisma:query SELECT `user`.`id`, `user`.`email`, `user`.`name`, `user`.`password`, `user`.`createdAt`, `user`.`role`, `user`.`updatedAt` FROM `user` WHERE `user`.`id` = ? LIMIT ? OFFSET ?
prisma:query COMMIT
[REPOSITORY] User created: 8e4a42b3-6ea4-4905-a7ea-f5ae6b0bc4e0
18:08:13 [[32minfo[39m]: User created successfully {"service":"booking-app","context":"AUTH","userId":"8e4a42b3-6ea4-4905-a7ea-f5ae6b0bc4e0","email":"book-564016@example.com"}
18:08:13 [[32minfo[39m]: Creating refresh token {"service":"booking-app","context":"AUTH","userId":"8e4a42b3-6ea4-4905-a7ea-f5ae6b0bc4e0"}
[REFRESH_REPO] Creating refresh token for user: 8e4a42b3-6ea4-4905-a7ea-f5ae6b0bc4e0
prisma:query INSERT INTO `refreshtoken` (`id`,`token`,`userId`,`expiresAt`,`createdAt`) VALUES (?,?,?,?,?)
prisma:query SELECT `refreshtoken`.`id`, `refreshtoken`.`token`, `refreshtoken`.`userId`, `refreshtoken`.`expiresAt`, `refreshtoken`.`createdAt` FROM `refreshtoken` WHERE `refreshtoken`.`id` = ? LIMIT ? OFFSET ?
prisma:query COMMIT
[REFRESH_REPO] Refresh token created: 8152d179-aba6-4463-ab35-4610468bc9d5
18:08:13 [[32minfo[39m]: Refresh token created {"service":"booking-app","context":"AUTH","userId":"8e4a42b3-6ea4-4905-a7ea-f5ae6b0bc4e0"}
18:08:13 [[32minfo[39m]: Registration successful {"service":"booking-app","context":"AUTH","email":"book-564016@example.com","userId":"8e4a42b3-6ea4-4905-a7ea-f5ae6b0bc4e0"}
[VALIDATE] Validating body: {"name":"login-718286","email":"login-718286@example.com","password":"password123"}
[VALIDATE] Validation passed
18:08:14 [[32minfo[39m]: Registration attempt {"service":"booking-app","context":"AUTH","email":"login-718286@example.com"}
[REPOSITORY] Finding user by email: login-718286@example.com
prisma:query SELECT `user`.`id`, `user`.`email`, `user`.`name`, `user`.`password`, `user`.`createdAt`, `user`.`role`, `user`.`updatedAt` FROM `user` WHERE (`user`.`email` = ? AND 1=1) LIMIT ? OFFSET ?
[REPOSITORY] User not found: login-718286@example.com
[REPOSITORY] Creating user: login-718286@example.com
prisma:query INSERT INTO `user` (`id`,`email`,`name`,`password`,`createdAt`,`role`,`updatedAt`) VALUES (?,?,?,?,?,?,?)
prisma:query SELECT `user`.`id`, `user`.`email`, `user`.`name`, `user`.`password`, `user`.`createdAt`, `user`.`role`, `user`.`updatedAt` FROM `user` WHERE `user`.`id` = ? LIMIT ? OFFSET ?
prisma:query COMMIT
[REPOSITORY] User created: 9a0f9d31-cf1b-4833-9710-c14760213cbf
18:08:14 [[32minfo[39m]: User created successfully {"service":"booking-app","context":"AUTH","userId":"9a0f9d31-cf1b-4833-9710-c14760213cbf","email":"login-718286@example.com"}
18:08:14 [[32minfo[39m]: Creating refresh token {"service":"booking-app","context":"AUTH","userId":"9a0f9d31-cf1b-4833-9710-c14760213cbf"}
[REFRESH_REPO] Creating refresh token for user: 9a0f9d31-cf1b-4833-9710-c14760213cbf
prisma:query INSERT INTO `refreshtoken` (`id`,`token`,`userId`,`expiresAt`,`createdAt`) VALUES (?,?,?,?,?)
prisma:query SELECT `refreshtoken`.`id`, `refreshtoken`.`token`, `refreshtoken`.`userId`, `refreshtoken`.`expiresAt`, `refreshtoken`.`createdAt` FROM `refreshtoken` WHERE `refreshtoken`.`id` = ? LIMIT ? OFFSET ?
prisma:query COMMIT
[REFRESH_REPO] Refresh token created: c05dfc17-4289-4915-b855-5dedca3baf1c
18:08:14 [[32minfo[39m]: Refresh token created {"service":"booking-app","context":"AUTH","userId":"9a0f9d31-cf1b-4833-9710-c14760213cbf"}
18:08:14 [[32minfo[39m]: Registration successful {"service":"booking-app","context":"AUTH","email":"login-718286@example.com","userId":"9a0f9d31-cf1b-4833-9710-c14760213cbf"}
[REPOSITORY] Finding user by id: 9a0f9d31-cf1b-4833-9710-c14760213cbf
prisma:query SELECT `user`.`id`, `user`.`email`, `user`.`name`, `user`.`password`, `user`.`createdAt`, `user`.`role`, `user`.`updatedAt` FROM `user` WHERE (`user`.`id` = ? AND 1=1) LIMIT ? OFFSET ?
18:08:14 [[32minfo[39m]: Get me successful {"service":"booking-app","userId":"9a0f9d31-cf1b-4833-9710-c14760213cbf","userEmail":"login-718286@example.com","userRole":"USER","context":"AUTH","email":"login-718286@example.com"}
[VALIDATE] Validating body: {"email":"login-718286@example.com","password":"password123"}
[VALIDATE] Validation passed
18:08:14 [[32minfo[39m]: Login attempt {"service":"booking-app","context":"AUTH","email":"login-718286@example.com"}
[REPOSITORY] Finding user by email: login-718286@example.com
prisma:query SELECT `user`.`id`, `user`.`email`, `user`.`name`, `user`.`password`, `user`.`createdAt`, `user`.`role`, `user`.`updatedAt` FROM `user` WHERE (`user`.`email` = ? AND 1=1) LIMIT ? OFFSET ?
[REPOSITORY] User found: 9a0f9d31-cf1b-4833-9710-c14760213cbf
18:08:14 [[32minfo[39m]: Login successful {"service":"booking-app","context":"AUTH","userId":"9a0f9d31-cf1b-4833-9710-c14760213cbf","email":"login-718286@example.com"}
18:08:14 [[32minfo[39m]: Creating refresh token {"service":"booking-app","context":"AUTH","userId":"9a0f9d31-cf1b-4833-9710-c14760213cbf"}
[REFRESH_REPO] Creating refresh token for user: 9a0f9d31-cf1b-4833-9710-c14760213cbf
prisma:query INSERT INTO `refreshtoken` (`id`,`token`,`userId`,`expiresAt`,`createdAt`) VALUES (?,?,?,?,?)
prisma:query SELECT `refreshtoken`.`id`, `refreshtoken`.`token`, `refreshtoken`.`userId`, `refreshtoken`.`expiresAt`, `refreshtoken`.`createdAt` FROM `refreshtoken` WHERE `refreshtoken`.`id` = ? LIMIT ? OFFSET ?
prisma:query COMMIT
[REFRESH_REPO] Refresh token created: 0cb4445e-2234-4ed1-b290-d420faff0274
18:08:14 [[32minfo[39m]: Refresh token created {"service":"booking-app","context":"AUTH","userId":"9a0f9d31-cf1b-4833-9710-c14760213cbf"}
18:08:14 [[32minfo[39m]: Login successful {"service":"booking-app","context":"AUTH","email":"login-718286@example.com","userId":"9a0f9d31-cf1b-4833-9710-c14760213cbf"}
prisma:query SELECT `property`.`id`, `property`.`title`, `property`.`description`, `property`.`pricePerNight`, `property`.`address`, `property`.`imageUrl`, `property`.`ownerId`, `property`.`createdAt`, `property`.`updatedAt` FROM `property` WHERE 1=1
prisma:query SELECT `property`.`id`, `property`.`title`, `property`.`description`, `property`.`pricePerNight`, `property`.`address`, `property`.`imageUrl`, `property`.`ownerId`, `property`.`createdAt`, `property`.`updatedAt` FROM `property` WHERE 1=1
prisma:query SELECT `property`.`id`, `property`.`title`, `property`.`description`, `property`.`pricePerNight`, `property`.`address`, `property`.`imageUrl`, `property`.`ownerId`, `property`.`createdAt`, `property`.`updatedAt` FROM `property` WHERE 1=1
[VALIDATE] Validating body: {"name":"reg-340688","email":"reg-340688@example.com","password":"password123"}
[VALIDATE] Validation passed
18:08:16 [[32minfo[39m]: Registration attempt {"service":"booking-app","context":"AUTH","email":"reg-340688@example.com"}
[REPOSITORY] Finding user by email: reg-340688@example.com
prisma:query SELECT `user`.`id`, `user`.`email`, `user`.`name`, `user`.`password`, `user`.`createdAt`, `user`.`role`, `user`.`updatedAt` FROM `user` WHERE (`user`.`email` = ? AND 1=1) LIMIT ? OFFSET ?
[REPOSITORY] User not found: reg-340688@example.com
[REPOSITORY] Creating user: reg-340688@example.com
prisma:query INSERT INTO `user` (`id`,`email`,`name`,`password`,`createdAt`,`role`,`updatedAt`) VALUES (?,?,?,?,?,?,?)
prisma:query SELECT `user`.`id`, `user`.`email`, `user`.`name`, `user`.`password`, `user`.`createdAt`, `user`.`role`, `user`.`updatedAt` FROM `user` WHERE `user`.`id` = ? LIMIT ? OFFSET ?
prisma:query COMMIT
[REPOSITORY] User created: 39875700-c88e-47db-916b-0d6ed0604f65
18:08:16 [[32minfo[39m]: User created successfully {"service":"booking-app","context":"AUTH","userId":"39875700-c88e-47db-916b-0d6ed0604f65","email":"reg-340688@example.com"}
18:08:16 [[32minfo[39m]: Creating refresh token {"service":"booking-app","context":"AUTH","userId":"39875700-c88e-47db-916b-0d6ed0604f65"}
[REFRESH_REPO] Creating refresh token for user: 39875700-c88e-47db-916b-0d6ed0604f65
prisma:query INSERT INTO `refreshtoken` (`id`,`token`,`userId`,`expiresAt`,`createdAt`) VALUES (?,?,?,?,?)
prisma:query SELECT `refreshtoken`.`id`, `refreshtoken`.`token`, `refreshtoken`.`userId`, `refreshtoken`.`expiresAt`, `refreshtoken`.`createdAt` FROM `refreshtoken` WHERE `refreshtoken`.`id` = ? LIMIT ? OFFSET ?
prisma:query COMMIT
[REFRESH_REPO] Refresh token created: 57e119e7-3497-45a3-8d04-6540e28c3cf8
18:08:16 [[32minfo[39m]: Refresh token created {"service":"booking-app","context":"AUTH","userId":"39875700-c88e-47db-916b-0d6ed0604f65"}
18:08:16 [[32minfo[39m]: Registration successful {"service":"booking-app","context":"AUTH","email":"reg-340688@example.com","userId":"39875700-c88e-47db-916b-0d6ed0604f65"}
[VALIDATE] Validating body: {"name":"Property Tester","email":"prop-tester-102107@example.com","password":"password123"}
[VALIDATE] Validation passed
18:08:16 [[32minfo[39m]: Registration attempt {"service":"booking-app","context":"AUTH","email":"prop-tester-102107@example.com"}
[REPOSITORY] Finding user by email: prop-tester-102107@example.com
prisma:query SELECT `user`.`id`, `user`.`email`, `user`.`name`, `user`.`password`, `user`.`createdAt`, `user`.`role`, `user`.`updatedAt` FROM `user` WHERE (`user`.`email` = ? AND 1=1) LIMIT ? OFFSET ?
[REPOSITORY] User not found: prop-tester-102107@example.com
[REPOSITORY] Creating user: prop-tester-102107@example.com
prisma:query INSERT INTO `user` (`id`,`email`,`name`,`password`,`createdAt`,`role`,`updatedAt`) VALUES (?,?,?,?,?,?,?)
prisma:query SELECT `user`.`id`, `user`.`email`, `user`.`name`, `user`.`password`, `user`.`createdAt`, `user`.`role`, `user`.`updatedAt` FROM `user` WHERE `user`.`id` = ? LIMIT ? OFFSET ?
prisma:query COMMIT
[REPOSITORY] User created: 6167efea-4623-4001-9151-43fe5806013c
18:08:16 [[32minfo[39m]: User created successfully {"service":"booking-app","context":"AUTH","userId":"6167efea-4623-4001-9151-43fe5806013c","email":"prop-tester-102107@example.com"}
18:08:16 [[32minfo[39m]: Creating refresh token {"service":"booking-app","context":"AUTH","userId":"6167efea-4623-4001-9151-43fe5806013c"}
[REFRESH_REPO] Creating refresh token for user: 6167efea-4623-4001-9151-43fe5806013c
prisma:query INSERT INTO `refreshtoken` (`id`,`token`,`userId`,`expiresAt`,`createdAt`) VALUES (?,?,?,?,?)
prisma:query SELECT `refreshtoken`.`id`, `refreshtoken`.`token`, `refreshtoken`.`userId`, `refreshtoken`.`expiresAt`, `refreshtoken`.`createdAt` FROM `refreshtoken` WHERE `refreshtoken`.`id` = ? LIMIT ? OFFSET ?
prisma:query COMMIT
[REFRESH_REPO] Refresh token created: a47f99a0-ae8f-48c9-a41a-43548c8a1cfb
18:08:16 [[32minfo[39m]: Refresh token created {"service":"booking-app","context":"AUTH","userId":"6167efea-4623-4001-9151-43fe5806013c"}
18:08:16 [[32minfo[39m]: Registration successful {"service":"booking-app","context":"AUTH","email":"prop-tester-102107@example.com","userId":"6167efea-4623-4001-9151-43fe5806013c"}
[VALIDATE] Validating body: {"name":"login-970202","email":"login-970202@example.com","password":"password123"}
[VALIDATE] Validation passed
18:08:16 [[32minfo[39m]: Registration attempt {"service":"booking-app","context":"AUTH","email":"login-970202@example.com"}
[REPOSITORY] Finding user by email: login-970202@example.com
prisma:query SELECT `user`.`id`, `user`.`email`, `user`.`name`, `user`.`password`, `user`.`createdAt`, `user`.`role`, `user`.`updatedAt` FROM `user` WHERE (`user`.`email` = ? AND 1=1) LIMIT ? OFFSET ?
[REPOSITORY] User not found: login-970202@example.com
[REPOSITORY] Creating user: login-970202@example.com
prisma:query INSERT INTO `user` (`id`,`email`,`name`,`password`,`createdAt`,`role`,`updatedAt`) VALUES (?,?,?,?,?,?,?)
prisma:query SELECT `user`.`id`, `user`.`email`, `user`.`name`, `user`.`password`, `user`.`createdAt`, `user`.`role`, `user`.`updatedAt` FROM `user` WHERE `user`.`id` = ? LIMIT ? OFFSET ?
prisma:query COMMIT
[REPOSITORY] User created: 0471336c-a6be-423d-abe9-450484423b68
18:08:16 [[32minfo[39m]: User created successfully {"service":"booking-app","context":"AUTH","userId":"0471336c-a6be-423d-abe9-450484423b68","email":"login-970202@example.com"}
18:08:16 [[32minfo[39m]: Creating refresh token {"service":"booking-app","context":"AUTH","userId":"0471336c-a6be-423d-abe9-450484423b68"}
[REFRESH_REPO] Creating refresh token for user: 0471336c-a6be-423d-abe9-450484423b68
prisma:query INSERT INTO `refreshtoken` (`id`,`token`,`userId`,`expiresAt`,`createdAt`) VALUES (?,?,?,?,?)
prisma:query SELECT `refreshtoken`.`id`, `refreshtoken`.`token`, `refreshtoken`.`userId`, `refreshtoken`.`expiresAt`, `refreshtoken`.`createdAt` FROM `refreshtoken` WHERE `refreshtoken`.`id` = ? LIMIT ? OFFSET ?
prisma:query COMMIT
[REFRESH_REPO] Refresh token created: fee13197-6b50-43e1-9a51-558c58431004
18:08:16 [[32minfo[39m]: Refresh token created {"service":"booking-app","context":"AUTH","userId":"0471336c-a6be-423d-abe9-450484423b68"}
18:08:16 [[32minfo[39m]: Registration successful {"service":"booking-app","context":"AUTH","email":"login-970202@example.com","userId":"0471336c-a6be-423d-abe9-450484423b68"}
prisma:query SELECT `property`.`id`, `property`.`title`, `property`.`description`, `property`.`pricePerNight`, `property`.`address`, `property`.`imageUrl`, `property`.`ownerId`, `property`.`createdAt`, `property`.`updatedAt` FROM `property` WHERE 1=1
[REPOSITORY] Finding user by id: 6167efea-4623-4001-9151-43fe5806013c
prisma:query SELECT `user`.`id`, `user`.`email`, `user`.`name`, `user`.`password`, `user`.`createdAt`, `user`.`role`, `user`.`updatedAt` FROM `user` WHERE (`user`.`id` = ? AND 1=1) LIMIT ? OFFSET ?
18:08:16 [[32minfo[39m]: Get me successful {"service":"booking-app","userId":"6167efea-4623-4001-9151-43fe5806013c","userEmail":"prop-tester-102107@example.com","userRole":"USER","context":"AUTH","email":"prop-tester-102107@example.com"}
[VALIDATE] Validating body: {"name":"Property Tester","email":"prop-tester-339117@example.com","password":"password123"}
[VALIDATE] Validation passed
18:08:17 [[32minfo[39m]: Registration attempt {"service":"booking-app","context":"AUTH","email":"prop-tester-339117@example.com"}
[REPOSITORY] Finding user by email: prop-tester-339117@example.com
prisma:query SELECT `user`.`id`, `user`.`email`, `user`.`name`, `user`.`password`, `user`.`createdAt`, `user`.`role`, `user`.`updatedAt` FROM `user` WHERE (`user`.`email` = ? AND 1=1) LIMIT ? OFFSET ?
[REPOSITORY] User not found: prop-tester-339117@example.com
[REPOSITORY] Creating user: prop-tester-339117@example.com
prisma:query INSERT INTO `user` (`id`,`email`,`name`,`password`,`createdAt`,`role`,`updatedAt`) VALUES (?,?,?,?,?,?,?)
prisma:query SELECT `user`.`id`, `user`.`email`, `user`.`name`, `user`.`password`, `user`.`createdAt`, `user`.`role`, `user`.`updatedAt` FROM `user` WHERE `user`.`id` = ? LIMIT ? OFFSET ?
prisma:query COMMIT
[REPOSITORY] User created: 31395b2c-1846-40b3-9311-cfae828b0f33
18:08:17 [[32minfo[39m]: User created successfully {"service":"booking-app","context":"AUTH","userId":"31395b2c-1846-40b3-9311-cfae828b0f33","email":"prop-tester-339117@example.com"}
18:08:17 [[32minfo[39m]: Creating refresh token {"service":"booking-app","context":"AUTH","userId":"31395b2c-1846-40b3-9311-cfae828b0f33"}
[REFRESH_REPO] Creating refresh token for user: 31395b2c-1846-40b3-9311-cfae828b0f33
prisma:query INSERT INTO `refreshtoken` (`id`,`token`,`userId`,`expiresAt`,`createdAt`) VALUES (?,?,?,?,?)
prisma:query SELECT `refreshtoken`.`id`, `refreshtoken`.`token`, `refreshtoken`.`userId`, `refreshtoken`.`expiresAt`, `refreshtoken`.`createdAt` FROM `refreshtoken` WHERE `refreshtoken`.`id` = ? LIMIT ? OFFSET ?
prisma:query COMMIT
[REFRESH_REPO] Refresh token created: bf94b7bd-f187-489e-8e76-ce1a0bf5b7a4
18:08:17 [[32minfo[39m]: Refresh token created {"service":"booking-app","context":"AUTH","userId":"31395b2c-1846-40b3-9311-cfae828b0f33"}
18:08:17 [[32minfo[39m]: Registration successful {"service":"booking-app","context":"AUTH","email":"prop-tester-339117@example.com","userId":"31395b2c-1846-40b3-9311-cfae828b0f33"}
[REPOSITORY] Finding user by id: 0471336c-a6be-423d-abe9-450484423b68
prisma:query SELECT `user`.`id`, `user`.`email`, `user`.`name`, `user`.`password`, `user`.`createdAt`, `user`.`role`, `user`.`updatedAt` FROM `user` WHERE (`user`.`id` = ? AND 1=1) LIMIT ? OFFSET ?
18:08:17 [[32minfo[39m]: Get me successful {"service":"booking-app","userId":"0471336c-a6be-423d-abe9-450484423b68","userEmail":"login-970202@example.com","userRole":"USER","context":"AUTH","email":"login-970202@example.com"}
[VALIDATE] Validating body: {"name":"Booking Tester","email":"book-357913@example.com","password":"password123"}
[VALIDATE] Validation passed
18:08:17 [[32minfo[39m]: Registration attempt {"service":"booking-app","context":"AUTH","email":"book-357913@example.com"}
[REPOSITORY] Finding user by email: book-357913@example.com
prisma:query SELECT `user`.`id`, `user`.`email`, `user`.`name`, `user`.`password`, `user`.`createdAt`, `user`.`role`, `user`.`updatedAt` FROM `user` WHERE (`user`.`email` = ? AND 1=1) LIMIT ? OFFSET ?
[REPOSITORY] User not found: book-357913@example.com
[REPOSITORY] Creating user: book-357913@example.com
prisma:query INSERT INTO `user` (`id`,`email`,`name`,`password`,`createdAt`,`role`,`updatedAt`) VALUES (?,?,?,?,?,?,?)
prisma:query SELECT `user`.`id`, `user`.`email`, `user`.`name`, `user`.`password`, `user`.`createdAt`, `user`.`role`, `user`.`updatedAt` FROM `user` WHERE `user`.`id` = ? LIMIT ? OFFSET ?
prisma:query COMMIT
[REPOSITORY] User created: 7d34d489-41f2-4982-b6eb-3b2565b89068
18:08:17 [[32minfo[39m]: User created successfully {"service":"booking-app","context":"AUTH","userId":"7d34d489-41f2-4982-b6eb-3b2565b89068","email":"book-357913@example.com"}
18:08:17 [[32minfo[39m]: Creating refresh token {"service":"booking-app","context":"AUTH","userId":"7d34d489-41f2-4982-b6eb-3b2565b89068"}
[REFRESH_REPO] Creating refresh token for user: 7d34d489-41f2-4982-b6eb-3b2565b89068
prisma:query INSERT INTO `refreshtoken` (`id`,`token`,`userId`,`expiresAt`,`createdAt`) VALUES (?,?,?,?,?)
prisma:query SELECT `refreshtoken`.`id`, `refreshtoken`.`token`, `refreshtoken`.`userId`, `refreshtoken`.`expiresAt`, `refreshtoken`.`createdAt` FROM `refreshtoken` WHERE `refreshtoken`.`id` = ? LIMIT ? OFFSET ?
prisma:query COMMIT
[REFRESH_REPO] Refresh token created: cdb0ff5d-12bc-41db-8ebf-ca6d31198e20
18:08:17 [[32minfo[39m]: Refresh token created {"service":"booking-app","context":"AUTH","userId":"7d34d489-41f2-4982-b6eb-3b2565b89068"}
18:08:17 [[32minfo[39m]: Registration successful {"service":"booking-app","context":"AUTH","email":"book-357913@example.com","userId":"7d34d489-41f2-4982-b6eb-3b2565b89068"}
prisma:query SELECT `property`.`id`, `property`.`title`, `property`.`description`, `property`.`pricePerNight`, `property`.`address`, `property`.`imageUrl`, `property`.`ownerId`, `property`.`createdAt`, `property`.`updatedAt` FROM `property` WHERE 1=1
[REPOSITORY] Finding user by id: 31395b2c-1846-40b3-9311-cfae828b0f33
prisma:query SELECT `user`.`id`, `user`.`email`, `user`.`name`, `user`.`password`, `user`.`createdAt`, `user`.`role`, `user`.`updatedAt` FROM `user` WHERE (`user`.`id` = ? AND 1=1) LIMIT ? OFFSET ?
18:08:17 [[32minfo[39m]: Get me successful {"service":"booking-app","userId":"31395b2c-1846-40b3-9311-cfae828b0f33","userEmail":"prop-tester-339117@example.com","userRole":"USER","context":"AUTH","email":"prop-tester-339117@example.com"}
[VALIDATE] Validating body: {"email":"login-970202@example.com","password":"password123"}
[VALIDATE] Validation passed
18:08:17 [[32minfo[39m]: Login attempt {"service":"booking-app","context":"AUTH","email":"login-970202@example.com"}
[REPOSITORY] Finding user by email: login-970202@example.com
prisma:query SELECT `user`.`id`, `user`.`email`, `user`.`name`, `user`.`password`, `user`.`createdAt`, `user`.`role`, `user`.`updatedAt` FROM `user` WHERE (`user`.`email` = ? AND 1=1) LIMIT ? OFFSET ?
[REPOSITORY] User found: 0471336c-a6be-423d-abe9-450484423b68
18:08:17 [[32minfo[39m]: Creating property {"service":"booking-app","userId":"6167efea-4623-4001-9151-43fe5806013c","userEmail":"prop-tester-102107@example.com","userRole":"USER","context":"PROPERTY","title":"Villa-882935","ownerId":"6167efea-4623-4001-9151-43fe5806013c"}
prisma:query SELECT `property`.`id`, `property`.`title`, `property`.`description`, `property`.`pricePerNight`, `property`.`address`, `property`.`imageUrl`, `property`.`ownerId`, `property`.`createdAt`, `property`.`updatedAt` FROM `property` WHERE (`property`.`id` = ? AND 1=1) LIMIT ? OFFSET ?
prisma:query INSERT INTO `property` (`id`,`title`,`description`,`pricePerNight`,`address`,`imageUrl`,`ownerId`,`createdAt`,`updatedAt`) VALUES (?,?,?,?,?,?,?,?,?)
prisma:query SELECT `property`.`id`, `property`.`title`, `property`.`description`, `property`.`pricePerNight`, `property`.`address`, `property`.`imageUrl`, `property`.`ownerId`, `property`.`createdAt`, `property`.`updatedAt` FROM `property` WHERE `property`.`id` = ? LIMIT ? OFFSET ?
prisma:query COMMIT
18:08:17 [[32minfo[39m]: Property created successfully {"service":"booking-app","userId":"6167efea-4623-4001-9151-43fe5806013c","userEmail":"prop-tester-102107@example.com","userRole":"USER","context":"PROPERTY","propertyId":"dee122d0-094a-4c6a-a1eb-9b2d0c1d3269","title":"Villa-882935"}
18:08:17 [[32minfo[39m]: Login successful {"service":"booking-app","context":"AUTH","userId":"0471336c-a6be-423d-abe9-450484423b68","email":"login-970202@example.com"}
18:08:17 [[32minfo[39m]: Creating refresh token {"service":"booking-app","context":"AUTH","userId":"0471336c-a6be-423d-abe9-450484423b68"}
[REFRESH_REPO] Creating refresh token for user: 0471336c-a6be-423d-abe9-450484423b68
prisma:query INSERT INTO `refreshtoken` (`id`,`token`,`userId`,`expiresAt`,`createdAt`) VALUES (?,?,?,?,?)
prisma:query SELECT `refreshtoken`.`id`, `refreshtoken`.`token`, `refreshtoken`.`userId`, `refreshtoken`.`expiresAt`, `refreshtoken`.`createdAt` FROM `refreshtoken` WHERE `refreshtoken`.`id` = ? LIMIT ? OFFSET ?
prisma:query COMMIT
[REFRESH_REPO] Refresh token created: d2f94918-3b2b-42da-bb85-c42f08bf89fa
18:08:17 [[32minfo[39m]: Refresh token created {"service":"booking-app","context":"AUTH","userId":"0471336c-a6be-423d-abe9-450484423b68"}
18:08:17 [[32minfo[39m]: Login successful {"service":"booking-app","context":"AUTH","email":"login-970202@example.com","userId":"0471336c-a6be-423d-abe9-450484423b68"}
prisma:query SELECT `property`.`id`, `property`.`title`, `property`.`description`, `property`.`pricePerNight`, `property`.`address`, `property`.`imageUrl`, `property`.`ownerId`, `property`.`createdAt`, `property`.`updatedAt` FROM `property` WHERE 1=1
prisma:query SELECT `property`.`id`, `property`.`title`, `property`.`description`, `property`.`pricePerNight`, `property`.`address`, `property`.`imageUrl`, `property`.`ownerId`, `property`.`createdAt`, `property`.`updatedAt` FROM `property` WHERE 1=1
[VALIDATE] Validating body: {"name":"Property Tester","email":"prop-tester-585394@example.com","password":"password123"}
[VALIDATE] Validation passed
18:08:19 [[32minfo[39m]: Registration attempt {"service":"booking-app","context":"AUTH","email":"prop-tester-585394@example.com"}
[REPOSITORY] Finding user by email: prop-tester-585394@example.com
prisma:query SELECT `user`.`id`, `user`.`email`, `user`.`name`, `user`.`password`, `user`.`createdAt`, `user`.`role`, `user`.`updatedAt` FROM `user` WHERE (`user`.`email` = ? AND 1=1) LIMIT ? OFFSET ?
[REPOSITORY] User not found: prop-tester-585394@example.com
[REPOSITORY] Creating user: prop-tester-585394@example.com
prisma:query INSERT INTO `user` (`id`,`email`,`name`,`password`,`createdAt`,`role`,`updatedAt`) VALUES (?,?,?,?,?,?,?)
prisma:query SELECT `user`.`id`, `user`.`email`, `user`.`name`, `user`.`password`, `user`.`createdAt`, `user`.`role`, `user`.`updatedAt` FROM `user` WHERE `user`.`id` = ? LIMIT ? OFFSET ?
prisma:query COMMIT
[REPOSITORY] User created: 48222faf-817b-4b18-85fb-9e40c7854afc
18:08:19 [[32minfo[39m]: User created successfully {"service":"booking-app","context":"AUTH","userId":"48222faf-817b-4b18-85fb-9e40c7854afc","email":"prop-tester-585394@example.com"}
18:08:19 [[32minfo[39m]: Creating refresh token {"service":"booking-app","context":"AUTH","userId":"48222faf-817b-4b18-85fb-9e40c7854afc"}
[REFRESH_REPO] Creating refresh token for user: 48222faf-817b-4b18-85fb-9e40c7854afc
prisma:query INSERT INTO `refreshtoken` (`id`,`token`,`userId`,`expiresAt`,`createdAt`) VALUES (?,?,?,?,?)
prisma:query SELECT `refreshtoken`.`id`, `refreshtoken`.`token`, `refreshtoken`.`userId`, `refreshtoken`.`expiresAt`, `refreshtoken`.`createdAt` FROM `refreshtoken` WHERE `refreshtoken`.`id` = ? LIMIT ? OFFSET ?
prisma:query COMMIT
[REFRESH_REPO] Refresh token created: 07f9ccee-3761-4e5e-bc48-0ca627f243dd
18:08:19 [[32minfo[39m]: Refresh token created {"service":"booking-app","context":"AUTH","userId":"48222faf-817b-4b18-85fb-9e40c7854afc"}
18:08:19 [[32minfo[39m]: Registration successful {"service":"booking-app","context":"AUTH","email":"prop-tester-585394@example.com","userId":"48222faf-817b-4b18-85fb-9e40c7854afc"}
[REPOSITORY] Finding user by id: 48222faf-817b-4b18-85fb-9e40c7854afc
prisma:query SELECT `property`.`id`, `property`.`title`, `property`.`description`, `property`.`pricePerNight`, `property`.`address`, `property`.`imageUrl`, `property`.`ownerId`, `property`.`createdAt`, `property`.`updatedAt` FROM `property` WHERE 1=1
prisma:query SELECT `user`.`id`, `user`.`email`, `user`.`name`, `user`.`password`, `user`.`createdAt`, `user`.`role`, `user`.`updatedAt` FROM `user` WHERE (`user`.`id` = ? AND 1=1) LIMIT ? OFFSET ?
18:08:19 [[32minfo[39m]: Get me successful {"service":"booking-app","userId":"48222faf-817b-4b18-85fb-9e40c7854afc","userEmail":"prop-tester-585394@example.com","userRole":"USER","context":"AUTH","email":"prop-tester-585394@example.com"}
[VALIDATE] Validating body: {"name":"Property Tester","email":"prop-tester-533595@example.com","password":"password123"}
[VALIDATE] Validation passed
18:08:19 [[32minfo[39m]: Registration attempt {"service":"booking-app","context":"AUTH","email":"prop-tester-533595@example.com"}
[REPOSITORY] Finding user by email: prop-tester-533595@example.com
prisma:query SELECT `user`.`id`, `user`.`email`, `user`.`name`, `user`.`password`, `user`.`createdAt`, `user`.`role`, `user`.`updatedAt` FROM `user` WHERE (`user`.`email` = ? AND 1=1) LIMIT ? OFFSET ?
[REPOSITORY] User not found: prop-tester-533595@example.com
[REPOSITORY] Creating user: prop-tester-533595@example.com
prisma:query INSERT INTO `user` (`id`,`email`,`name`,`password`,`createdAt`,`role`,`updatedAt`) VALUES (?,?,?,?,?,?,?)
prisma:query SELECT `user`.`id`, `user`.`email`, `user`.`name`, `user`.`password`, `user`.`createdAt`, `user`.`role`, `user`.`updatedAt` FROM `user` WHERE `user`.`id` = ? LIMIT ? OFFSET ?
prisma:query COMMIT
[REPOSITORY] User created: e7dd756e-2f28-48f9-a77a-ab12a83a0bdd
18:08:19 [[32minfo[39m]: User created successfully {"service":"booking-app","context":"AUTH","userId":"e7dd756e-2f28-48f9-a77a-ab12a83a0bdd","email":"prop-tester-533595@example.com"}
18:08:19 [[32minfo[39m]: Creating refresh token {"service":"booking-app","context":"AUTH","userId":"e7dd756e-2f28-48f9-a77a-ab12a83a0bdd"}
[REFRESH_REPO] Creating refresh token for user: e7dd756e-2f28-48f9-a77a-ab12a83a0bdd
prisma:query INSERT INTO `refreshtoken` (`id`,`token`,`userId`,`expiresAt`,`createdAt`) VALUES (?,?,?,?,?)
prisma:query SELECT `refreshtoken`.`id`, `refreshtoken`.`token`, `refreshtoken`.`userId`, `refreshtoken`.`expiresAt`, `refreshtoken`.`createdAt` FROM `refreshtoken` WHERE `refreshtoken`.`id` = ? LIMIT ? OFFSET ?
prisma:query COMMIT
[REFRESH_REPO] Refresh token created: 81301973-baf0-4709-9af1-5b7838af8a4d
18:08:19 [[32minfo[39m]: Refresh token created {"service":"booking-app","context":"AUTH","userId":"e7dd756e-2f28-48f9-a77a-ab12a83a0bdd"}
18:08:19 [[32minfo[39m]: Registration successful {"service":"booking-app","context":"AUTH","email":"prop-tester-533595@example.com","userId":"e7dd756e-2f28-48f9-a77a-ab12a83a0bdd"}
[REPOSITORY] Finding user by id: e7dd756e-2f28-48f9-a77a-ab12a83a0bdd
prisma:query SELECT `user`.`id`, `user`.`email`, `user`.`name`, `user`.`password`, `user`.`createdAt`, `user`.`role`, `user`.`updatedAt` FROM `user` WHERE (`user`.`id` = ? AND 1=1) LIMIT ? OFFSET ?
18:08:19 [[32minfo[39m]: Get me successful {"service":"booking-app","userId":"e7dd756e-2f28-48f9-a77a-ab12a83a0bdd","userEmail":"prop-tester-533595@example.com","userRole":"USER","context":"AUTH","email":"prop-tester-533595@example.com"}
prisma:query SELECT `property`.`id`, `property`.`title`, `property`.`description`, `property`.`pricePerNight`, `property`.`address`, `property`.`imageUrl`, `property`.`ownerId`, `property`.`createdAt`, `property`.`updatedAt` FROM `property` WHERE 1=1
18:08:20 [[32minfo[39m]: Creating property {"service":"booking-app","userId":"48222faf-817b-4b18-85fb-9e40c7854afc","userEmail":"prop-tester-585394@example.com","userRole":"USER","context":"PROPERTY","title":"Villa-305021","ownerId":"48222faf-817b-4b18-85fb-9e40c7854afc"}
prisma:query SELECT `property`.`id`, `property`.`title`, `property`.`description`, `property`.`pricePerNight`, `property`.`address`, `property`.`imageUrl`, `property`.`ownerId`, `property`.`createdAt`, `property`.`updatedAt` FROM `property` WHERE (`property`.`id` = ? AND 1=1) LIMIT ? OFFSET ?
prisma:query INSERT INTO `property` (`id`,`title`,`description`,`pricePerNight`,`address`,`imageUrl`,`ownerId`,`createdAt`,`updatedAt`) VALUES (?,?,?,?,?,?,?,?,?)
prisma:query SELECT `property`.`id`, `property`.`title`, `property`.`description`, `property`.`pricePerNight`, `property`.`address`, `property`.`imageUrl`, `property`.`ownerId`, `property`.`createdAt`, `property`.`updatedAt` FROM `property` WHERE `property`.`id` = ? LIMIT ? OFFSET ?
prisma:query COMMIT
18:08:20 [[32minfo[39m]: Property created successfully {"service":"booking-app","userId":"48222faf-817b-4b18-85fb-9e40c7854afc","userEmail":"prop-tester-585394@example.com","userRole":"USER","context":"PROPERTY","propertyId":"d0ba6029-069a-4648-8037-6e07d7416c5f","title":"Villa-305021"}
18:08:20 [[32minfo[39m]: Creating property {"service":"booking-app","userId":"e7dd756e-2f28-48f9-a77a-ab12a83a0bdd","userEmail":"prop-tester-533595@example.com","userRole":"USER","context":"PROPERTY","title":"Villa-686520","ownerId":"e7dd756e-2f28-48f9-a77a-ab12a83a0bdd"}
prisma:query SELECT `property`.`id`, `property`.`title`, `property`.`description`, `property`.`pricePerNight`, `property`.`address`, `property`.`imageUrl`, `property`.`ownerId`, `property`.`createdAt`, `property`.`updatedAt` FROM `property` WHERE (`property`.`id` = ? AND 1=1) LIMIT ? OFFSET ?
prisma:query INSERT INTO `property` (`id`,`title`,`description`,`pricePerNight`,`address`,`imageUrl`,`ownerId`,`createdAt`,`updatedAt`) VALUES (?,?,?,?,?,?,?,?,?)
prisma:query SELECT `property`.`id`, `property`.`title`, `property`.`description`, `property`.`pricePerNight`, `property`.`address`, `property`.`imageUrl`, `property`.`ownerId`, `property`.`createdAt`, `property`.`updatedAt` FROM `property` WHERE `property`.`id` = ? LIMIT ? OFFSET ?
prisma:query COMMIT
18:08:20 [[32minfo[39m]: Property created successfully {"service":"booking-app","userId":"e7dd756e-2f28-48f9-a77a-ab12a83a0bdd","userEmail":"prop-tester-533595@example.com","userRole":"USER","context":"PROPERTY","propertyId":"b5677bc4-5da9-4453-a9fb-0cacd369ca01","title":"Villa-686520"}
[VALIDATE] Validating body: {"name":"reg-866350","email":"reg-866350@example.com","password":"password123"}
[VALIDATE] Validation passed
18:09:27 [[32minfo[39m]: Registration attempt {"service":"booking-app","context":"AUTH","email":"reg-866350@example.com"}
[REPOSITORY] Finding user by email: reg-866350@example.com
prisma:query SELECT `user`.`id`, `user`.`email`, `user`.`name`, `user`.`password`, `user`.`createdAt`, `user`.`role`, `user`.`updatedAt` FROM `user` WHERE (`user`.`email` = ? AND 1=1) LIMIT ? OFFSET ?
[REPOSITORY] User not found: reg-866350@example.com
[VALIDATE] Validating body: {"name":"login-626821","email":"login-626821@example.com","password":"password123"}
[VALIDATE] Validation passed
18:09:27 [[32minfo[39m]: Registration attempt {"service":"booking-app","context":"AUTH","email":"login-626821@example.com"}
[REPOSITORY] Finding user by email: login-626821@example.com
prisma:query SELECT `user`.`id`, `user`.`email`, `user`.`name`, `user`.`password`, `user`.`createdAt`, `user`.`role`, `user`.`updatedAt` FROM `user` WHERE (`user`.`email` = ? AND 1=1) LIMIT ? OFFSET ?
[REPOSITORY] User not found: login-626821@example.com
[REPOSITORY] Creating user: reg-866350@example.com
prisma:query INSERT INTO `user` (`id`,`email`,`name`,`password`,`createdAt`,`role`,`updatedAt`) VALUES (?,?,?,?,?,?,?)
prisma:query SELECT `user`.`id`, `user`.`email`, `user`.`name`, `user`.`password`, `user`.`createdAt`, `user`.`role`, `user`.`updatedAt` FROM `user` WHERE `user`.`id` = ? LIMIT ? OFFSET ?
prisma:query COMMIT
[REPOSITORY] User created: 29e95cb9-1f0d-42e3-8908-34bfeca5bc25
18:09:27 [[32minfo[39m]: User created successfully {"service":"booking-app","context":"AUTH","userId":"29e95cb9-1f0d-42e3-8908-34bfeca5bc25","email":"reg-866350@example.com"}
18:09:27 [[32minfo[39m]: Creating refresh token {"service":"booking-app","context":"AUTH","userId":"29e95cb9-1f0d-42e3-8908-34bfeca5bc25"}
[REFRESH_REPO] Creating refresh token for user: 29e95cb9-1f0d-42e3-8908-34bfeca5bc25
prisma:query INSERT INTO `refreshtoken` (`id`,`token`,`userId`,`expiresAt`,`createdAt`) VALUES (?,?,?,?,?)
[REPOSITORY] Creating user: login-626821@example.com
prisma:query SELECT `refreshtoken`.`id`, `refreshtoken`.`token`, `refreshtoken`.`userId`, `refreshtoken`.`expiresAt`, `refreshtoken`.`createdAt` FROM `refreshtoken` WHERE `refreshtoken`.`id` = ? LIMIT ? OFFSET ?
prisma:query INSERT INTO `user` (`id`,`email`,`name`,`password`,`createdAt`,`role`,`updatedAt`) VALUES (?,?,?,?,?,?,?)
prisma:query SELECT `user`.`id`, `user`.`email`, `user`.`name`, `user`.`password`, `user`.`createdAt`, `user`.`role`, `user`.`updatedAt` FROM `user` WHERE `user`.`id` = ? LIMIT ? OFFSET ?
prisma:query COMMIT
[REFRESH_REPO] Refresh token created: 2b22eca0-4964-4168-b193-4b0c14e14011
18:09:27 [[32minfo[39m]: Refresh token created {"service":"booking-app","context":"AUTH","userId":"29e95cb9-1f0d-42e3-8908-34bfeca5bc25"}
18:09:27 [[32minfo[39m]: Registration successful {"service":"booking-app","context":"AUTH","email":"reg-866350@example.com","userId":"29e95cb9-1f0d-42e3-8908-34bfeca5bc25"}
prisma:query COMMIT
[REPOSITORY] User created: 29af8fcf-6d3e-4ba2-8988-626543cd3c5b
18:09:27 [[32minfo[39m]: User created successfully {"service":"booking-app","context":"AUTH","userId":"29af8fcf-6d3e-4ba2-8988-626543cd3c5b","email":"login-626821@example.com"}
18:09:27 [[32minfo[39m]: Creating refresh token {"service":"booking-app","context":"AUTH","userId":"29af8fcf-6d3e-4ba2-8988-626543cd3c5b"}
[REFRESH_REPO] Creating refresh token for user: 29af8fcf-6d3e-4ba2-8988-626543cd3c5b
prisma:query INSERT INTO `refreshtoken` (`id`,`token`,`userId`,`expiresAt`,`createdAt`) VALUES (?,?,?,?,?)
prisma:query SELECT `refreshtoken`.`id`, `refreshtoken`.`token`, `refreshtoken`.`userId`, `refreshtoken`.`expiresAt`, `refreshtoken`.`createdAt` FROM `refreshtoken` WHERE `refreshtoken`.`id` = ? LIMIT ? OFFSET ?
prisma:query COMMIT
[REFRESH_REPO] Refresh token created: 40bb5192-befe-4624-b148-6e9fbfae2a1d
18:09:27 [[32minfo[39m]: Refresh token created {"service":"booking-app","context":"AUTH","userId":"29af8fcf-6d3e-4ba2-8988-626543cd3c5b"}
18:09:27 [[32minfo[39m]: Registration successful {"service":"booking-app","context":"AUTH","email":"login-626821@example.com","userId":"29af8fcf-6d3e-4ba2-8988-626543cd3c5b"}
[REPOSITORY] Finding user by id: 29af8fcf-6d3e-4ba2-8988-626543cd3c5b
prisma:query SELECT `user`.`id`, `user`.`email`, `user`.`name`, `user`.`password`, `user`.`createdAt`, `user`.`role`, `user`.`updatedAt` FROM `user` WHERE (`user`.`id` = ? AND 1=1) LIMIT ? OFFSET ?
18:09:27 [[32minfo[39m]: Get me successful {"service":"booking-app","userId":"29af8fcf-6d3e-4ba2-8988-626543cd3c5b","userEmail":"login-626821@example.com","userRole":"USER","context":"AUTH","email":"login-626821@example.com"}
[VALIDATE] Validating body: {"email":"login-626821@example.com","password":"password123"}
[VALIDATE] Validation passed
18:09:28 [[32minfo[39m]: Login attempt {"service":"booking-app","context":"AUTH","email":"login-626821@example.com"}
[REPOSITORY] Finding user by email: login-626821@example.com
prisma:query SELECT `user`.`id`, `user`.`email`, `user`.`name`, `user`.`password`, `user`.`createdAt`, `user`.`role`, `user`.`updatedAt` FROM `user` WHERE (`user`.`email` = ? AND 1=1) LIMIT ? OFFSET ?
[REPOSITORY] User found: 29af8fcf-6d3e-4ba2-8988-626543cd3c5b
18:09:28 [[32minfo[39m]: Login successful {"service":"booking-app","context":"AUTH","userId":"29af8fcf-6d3e-4ba2-8988-626543cd3c5b","email":"login-626821@example.com"}
18:09:28 [[32minfo[39m]: Creating refresh token {"service":"booking-app","context":"AUTH","userId":"29af8fcf-6d3e-4ba2-8988-626543cd3c5b"}
[REFRESH_REPO] Creating refresh token for user: 29af8fcf-6d3e-4ba2-8988-626543cd3c5b
prisma:query INSERT INTO `refreshtoken` (`id`,`token`,`userId`,`expiresAt`,`createdAt`) VALUES (?,?,?,?,?)
prisma:query SELECT `refreshtoken`.`id`, `refreshtoken`.`token`, `refreshtoken`.`userId`, `refreshtoken`.`expiresAt`, `refreshtoken`.`createdAt` FROM `refreshtoken` WHERE `refreshtoken`.`id` = ? LIMIT ? OFFSET ?
prisma:query COMMIT
[REFRESH_REPO] Refresh token created: 5ebabecc-ea3b-4bb9-8f42-998878510781
18:09:28 [[32minfo[39m]: Refresh token created {"service":"booking-app","context":"AUTH","userId":"29af8fcf-6d3e-4ba2-8988-626543cd3c5b"}
18:09:28 [[32minfo[39m]: Login successful {"service":"booking-app","context":"AUTH","email":"login-626821@example.com","userId":"29af8fcf-6d3e-4ba2-8988-626543cd3c5b"}
prisma:query SELECT `property`.`id`, `property`.`title`, `property`.`description`, `property`.`pricePerNight`, `property`.`address`, `property`.`imageUrl`, `property`.`ownerId`, `property`.`createdAt`, `property`.`updatedAt` FROM `property` WHERE 1=1
prisma:query SELECT `property`.`id`, `property`.`title`, `property`.`description`, `property`.`pricePerNight`, `property`.`address`, `property`.`imageUrl`, `property`.`ownerId`, `property`.`createdAt`, `property`.`updatedAt` FROM `property` WHERE 1=1
prisma:query SELECT `property`.`id`, `property`.`title`, `property`.`description`, `property`.`pricePerNight`, `property`.`address`, `property`.`imageUrl`, `property`.`ownerId`, `property`.`createdAt`, `property`.`updatedAt` FROM `property` WHERE 1=1
prisma:query SELECT `property`.`id`, `property`.`title`, `property`.`description`, `property`.`pricePerNight`, `property`.`address`, `property`.`imageUrl`, `property`.`ownerId`, `property`.`createdAt`, `property`.`updatedAt` FROM `property` WHERE 1=1
[VALIDATE] Validating body: {"name":"login-817577","email":"login-817577@example.com","password":"password123"}
[VALIDATE] Validation passed
18:52:08 [[32minfo[39m]: Registration attempt {"service":"booking-app","context":"AUTH","email":"login-817577@example.com"}
[REPOSITORY] Finding user by email: login-817577@example.com
prisma:query SELECT `user`.`id`, `user`.`email`, `user`.`name`, `user`.`password`, `user`.`createdAt`, `user`.`role`, `user`.`updatedAt` FROM `user` WHERE (`user`.`email` = ? AND 1=1) LIMIT ? OFFSET ?
[REPOSITORY] User not found: login-817577@example.com
[VALIDATE] Validating body: {"name":"Booking Tester","email":"book-881643@example.com","password":"password123"}
[VALIDATE] Validation passed
18:52:08 [[32minfo[39m]: Registration attempt {"service":"booking-app","context":"AUTH","email":"book-881643@example.com"}
[REPOSITORY] Finding user by email: book-881643@example.com
prisma:query SELECT `user`.`id`, `user`.`email`, `user`.`name`, `user`.`password`, `user`.`createdAt`, `user`.`role`, `user`.`updatedAt` FROM `user` WHERE (`user`.`email` = ? AND 1=1) LIMIT ? OFFSET ?
[REPOSITORY] User not found: book-881643@example.com
[VALIDATE] Validating body: {"name":"reg-697647","email":"reg-697647@example.com","password":"password123"}
[VALIDATE] Validation passed
18:52:08 [[32minfo[39m]: Registration attempt {"service":"booking-app","context":"AUTH","email":"reg-697647@example.com"}
[REPOSITORY] Finding user by email: reg-697647@example.com
prisma:query SELECT `user`.`id`, `user`.`email`, `user`.`name`, `user`.`password`, `user`.`createdAt`, `user`.`role`, `user`.`updatedAt` FROM `user` WHERE (`user`.`email` = ? AND 1=1) LIMIT ? OFFSET ?
[REPOSITORY] User not found: reg-697647@example.com
[VALIDATE] Validating body: {"name":"Property Tester","email":"prop-tester-121103@example.com","password":"password123"}
[VALIDATE] Validation passed
18:52:08 [[32minfo[39m]: Registration attempt {"service":"booking-app","context":"AUTH","email":"prop-tester-121103@example.com"}
[REPOSITORY] Finding user by email: prop-tester-121103@example.com
[REPOSITORY] Creating user: login-817577@example.com
prisma:query SELECT `user`.`id`, `user`.`email`, `user`.`name`, `user`.`password`, `user`.`createdAt`, `user`.`role`, `user`.`updatedAt` FROM `user` WHERE (`user`.`email` = ? AND 1=1) LIMIT ? OFFSET ?
[REPOSITORY] User not found: prop-tester-121103@example.com
prisma:query INSERT INTO `user` (`id`,`email`,`name`,`password`,`createdAt`,`role`,`updatedAt`) VALUES (?,?,?,?,?,?,?)
prisma:query SELECT `user`.`id`, `user`.`email`, `user`.`name`, `user`.`password`, `user`.`createdAt`, `user`.`role`, `user`.`updatedAt` FROM `user` WHERE `user`.`id` = ? LIMIT ? OFFSET ?
[VALIDATE] Validating body: {"name":"Property Tester","email":"prop-tester-695379@example.com","password":"password123"}
[VALIDATE] Validation passed
18:52:08 [[32minfo[39m]: Registration attempt {"service":"booking-app","context":"AUTH","email":"prop-tester-695379@example.com"}
[REPOSITORY] Finding user by email: prop-tester-695379@example.com
prisma:query SELECT `user`.`id`, `user`.`email`, `user`.`name`, `user`.`password`, `user`.`createdAt`, `user`.`role`, `user`.`updatedAt` FROM `user` WHERE (`user`.`email` = ? AND 1=1) LIMIT ? OFFSET ?
[REPOSITORY] User not found: prop-tester-695379@example.com
[REPOSITORY] Creating user: reg-697647@example.com
prisma:query INSERT INTO `user` (`id`,`email`,`name`,`password`,`createdAt`,`role`,`updatedAt`) VALUES (?,?,?,?,?,?,?)
prisma:query SELECT `user`.`id`, `user`.`email`, `user`.`name`, `user`.`password`, `user`.`createdAt`, `user`.`role`, `user`.`updatedAt` FROM `user` WHERE `user`.`id` = ? LIMIT ? OFFSET ?
prisma:query COMMIT
[REPOSITORY] User created: 938fc460-1a2a-4b37-82e2-1968c2987953
18:52:08 [[32minfo[39m]: User created successfully {"service":"booking-app","context":"AUTH","userId":"938fc460-1a2a-4b37-82e2-1968c2987953","email":"login-817577@example.com"}
18:52:08 [[32minfo[39m]: Creating refresh token {"service":"booking-app","context":"AUTH","userId":"938fc460-1a2a-4b37-82e2-1968c2987953"}
[REFRESH_REPO] Creating refresh token for user: 938fc460-1a2a-4b37-82e2-1968c2987953
[REPOSITORY] Creating user: book-881643@example.com
prisma:query COMMIT
[REPOSITORY] User created: 623ef826-9bec-41bd-864d-c19ca02ca9cb
18:52:08 [[32minfo[39m]: User created successfully {"service":"booking-app","context":"AUTH","userId":"623ef826-9bec-41bd-864d-c19ca02ca9cb","email":"reg-697647@example.com"}
18:52:08 [[32minfo[39m]: Creating refresh token {"service":"booking-app","context":"AUTH","userId":"623ef826-9bec-41bd-864d-c19ca02ca9cb"}
[REFRESH_REPO] Creating refresh token for user: 623ef826-9bec-41bd-864d-c19ca02ca9cb
prisma:query INSERT INTO `user` (`id`,`email`,`name`,`password`,`createdAt`,`role`,`updatedAt`) VALUES (?,?,?,?,?,?,?)
prisma:query INSERT INTO `refreshtoken` (`id`,`token`,`userId`,`expiresAt`,`createdAt`) VALUES (?,?,?,?,?)
prisma:query INSERT INTO `refreshtoken` (`id`,`token`,`userId`,`expiresAt`,`createdAt`) VALUES (?,?,?,?,?)
prisma:query SELECT `user`.`id`, `user`.`email`, `user`.`name`, `user`.`password`, `user`.`createdAt`, `user`.`role`, `user`.`updatedAt` FROM `user` WHERE `user`.`id` = ? LIMIT ? OFFSET ?
prisma:query SELECT `refreshtoken`.`id`, `refreshtoken`.`token`, `refreshtoken`.`userId`, `refreshtoken`.`expiresAt`, `refreshtoken`.`createdAt` FROM `refreshtoken` WHERE `refreshtoken`.`id` = ? LIMIT ? OFFSET ?
prisma:query SELECT `refreshtoken`.`id`, `refreshtoken`.`token`, `refreshtoken`.`userId`, `refreshtoken`.`expiresAt`, `refreshtoken`.`createdAt` FROM `refreshtoken` WHERE `refreshtoken`.`id` = ? LIMIT ? OFFSET ?
prisma:query COMMIT
[REPOSITORY] User created: 03c24a52-6756-4f80-88d0-e02d8a18b20b
18:52:08 [[32minfo[39m]: User created successfully {"service":"booking-app","context":"AUTH","userId":"03c24a52-6756-4f80-88d0-e02d8a18b20b","email":"book-881643@example.com"}
18:52:08 [[32minfo[39m]: Creating refresh token {"service":"booking-app","context":"AUTH","userId":"03c24a52-6756-4f80-88d0-e02d8a18b20b"}
[REFRESH_REPO] Creating refresh token for user: 03c24a52-6756-4f80-88d0-e02d8a18b20b
prisma:query COMMIT
[REFRESH_REPO] Refresh token created: c920c8e0-ff5a-4c68-bfb4-48285132e656
18:52:08 [[32minfo[39m]: Refresh token created {"service":"booking-app","context":"AUTH","userId":"623ef826-9bec-41bd-864d-c19ca02ca9cb"}
18:52:08 [[32minfo[39m]: Registration successful {"service":"booking-app","context":"AUTH","email":"reg-697647@example.com","userId":"623ef826-9bec-41bd-864d-c19ca02ca9cb"}
prisma:query COMMIT
[REFRESH_REPO] Refresh token created: f1438e8c-87e5-45da-a5fb-659f18cbd09e
18:52:08 [[32minfo[39m]: Refresh token created {"service":"booking-app","context":"AUTH","userId":"938fc460-1a2a-4b37-82e2-1968c2987953"}
18:52:08 [[32minfo[39m]: Registration successful {"service":"booking-app","context":"AUTH","email":"login-817577@example.com","userId":"938fc460-1a2a-4b37-82e2-1968c2987953"}
prisma:query INSERT INTO `refreshtoken` (`id`,`token`,`userId`,`expiresAt`,`createdAt`) VALUES (?,?,?,?,?)
prisma:query SELECT `refreshtoken`.`id`, `refreshtoken`.`token`, `refreshtoken`.`userId`, `refreshtoken`.`expiresAt`, `refreshtoken`.`createdAt` FROM `refreshtoken` WHERE `refreshtoken`.`id` = ? LIMIT ? OFFSET ?
prisma:query COMMIT
[REFRESH_REPO] Refresh token created: e3100817-31aa-4b75-891a-a1b2d3ed4257
18:52:08 [[32minfo[39m]: Refresh token created {"service":"booking-app","context":"AUTH","userId":"03c24a52-6756-4f80-88d0-e02d8a18b20b"}
18:52:08 [[32minfo[39m]: Registration successful {"service":"booking-app","context":"AUTH","email":"book-881643@example.com","userId":"03c24a52-6756-4f80-88d0-e02d8a18b20b"}
[REPOSITORY] Creating user: prop-tester-695379@example.com
prisma:query INSERT INTO `user` (`id`,`email`,`name`,`password`,`createdAt`,`role`,`updatedAt`) VALUES (?,?,?,?,?,?,?)
prisma:query SELECT `user`.`id`, `user`.`email`, `user`.`name`, `user`.`password`, `user`.`createdAt`, `user`.`role`, `user`.`updatedAt` FROM `user` WHERE `user`.`id` = ? LIMIT ? OFFSET ?
[REPOSITORY] Creating user: prop-tester-121103@example.com
prisma:query INSERT INTO `user` (`id`,`email`,`name`,`password`,`createdAt`,`role`,`updatedAt`) VALUES (?,?,?,?,?,?,?)
prisma:query SELECT `user`.`id`, `user`.`email`, `user`.`name`, `user`.`password`, `user`.`createdAt`, `user`.`role`, `user`.`updatedAt` FROM `user` WHERE `user`.`id` = ? LIMIT ? OFFSET ?
prisma:query COMMIT
[REPOSITORY] User created: 3bb56efb-3630-4f0a-ba27-54bd5fd4a7ae
18:52:08 [[32minfo[39m]: User created successfully {"service":"booking-app","context":"AUTH","userId":"3bb56efb-3630-4f0a-ba27-54bd5fd4a7ae","email":"prop-tester-695379@example.com"}
18:52:08 [[32minfo[39m]: Creating refresh token {"service":"booking-app","context":"AUTH","userId":"3bb56efb-3630-4f0a-ba27-54bd5fd4a7ae"}
[REFRESH_REPO] Creating refresh token for user: 3bb56efb-3630-4f0a-ba27-54bd5fd4a7ae
prisma:query INSERT INTO `refreshtoken` (`id`,`token`,`userId`,`expiresAt`,`createdAt`) VALUES (?,?,?,?,?)
prisma:query COMMIT
[REPOSITORY] User created: f9c233a2-b1cd-40b2-94a4-1dee4cbcba34
18:52:08 [[32minfo[39m]: User created successfully {"service":"booking-app","context":"AUTH","userId":"f9c233a2-b1cd-40b2-94a4-1dee4cbcba34","email":"prop-tester-121103@example.com"}
18:52:08 [[32minfo[39m]: Creating refresh token {"service":"booking-app","context":"AUTH","userId":"f9c233a2-b1cd-40b2-94a4-1dee4cbcba34"}
[REFRESH_REPO] Creating refresh token for user: f9c233a2-b1cd-40b2-94a4-1dee4cbcba34
prisma:query SELECT `refreshtoken`.`id`, `refreshtoken`.`token`, `refreshtoken`.`userId`, `refreshtoken`.`expiresAt`, `refreshtoken`.`createdAt` FROM `refreshtoken` WHERE `refreshtoken`.`id` = ? LIMIT ? OFFSET ?
prisma:query INSERT INTO `refreshtoken` (`id`,`token`,`userId`,`expiresAt`,`createdAt`) VALUES (?,?,?,?,?)
prisma:query SELECT `refreshtoken`.`id`, `refreshtoken`.`token`, `refreshtoken`.`userId`, `refreshtoken`.`expiresAt`, `refreshtoken`.`createdAt` FROM `refreshtoken` WHERE `refreshtoken`.`id` = ? LIMIT ? OFFSET ?
prisma:query COMMIT
[REFRESH_REPO] Refresh token created: 89cae597-4549-4d52-a22c-29b987a884bd
18:52:09 [[32minfo[39m]: Refresh token created {"service":"booking-app","context":"AUTH","userId":"3bb56efb-3630-4f0a-ba27-54bd5fd4a7ae"}
18:52:09 [[32minfo[39m]: Registration successful {"service":"booking-app","context":"AUTH","email":"prop-tester-695379@example.com","userId":"3bb56efb-3630-4f0a-ba27-54bd5fd4a7ae"}
prisma:query COMMIT
[REFRESH_REPO] Refresh token created: 0724ae92-9581-449e-9dea-77fe16fa81fe
18:52:09 [[32minfo[39m]: Refresh token created {"service":"booking-app","context":"AUTH","userId":"f9c233a2-b1cd-40b2-94a4-1dee4cbcba34"}
18:52:09 [[32minfo[39m]: Registration successful {"service":"booking-app","context":"AUTH","email":"prop-tester-121103@example.com","userId":"f9c233a2-b1cd-40b2-94a4-1dee4cbcba34"}
prisma:query SELECT `property`.`id`, `property`.`title`, `property`.`description`, `property`.`pricePerNight`, `property`.`address`, `property`.`imageUrl`, `property`.`ownerId`, `property`.`createdAt`, `property`.`updatedAt` FROM `property` WHERE 1=1
[REPOSITORY] Finding user by id: 3bb56efb-3630-4f0a-ba27-54bd5fd4a7ae
prisma:query SELECT `user`.`id`, `user`.`email`, `user`.`name`, `user`.`password`, `user`.`createdAt`, `user`.`role`, `user`.`updatedAt` FROM `user` WHERE (`user`.`id` = ? AND 1=1) LIMIT ? OFFSET ?
18:52:09 [[32minfo[39m]: Get me successful {"service":"booking-app","userId":"3bb56efb-3630-4f0a-ba27-54bd5fd4a7ae","userEmail":"prop-tester-695379@example.com","userRole":"USER","context":"AUTH","email":"prop-tester-695379@example.com"}
[REPOSITORY] Finding user by id: f9c233a2-b1cd-40b2-94a4-1dee4cbcba34
prisma:query SELECT `property`.`id`, `property`.`title`, `property`.`description`, `property`.`pricePerNight`, `property`.`address`, `property`.`imageUrl`, `property`.`ownerId`, `property`.`createdAt`, `property`.`updatedAt` FROM `property` WHERE 1=1
prisma:query SELECT `user`.`id`, `user`.`email`, `user`.`name`, `user`.`password`, `user`.`createdAt`, `user`.`role`, `user`.`updatedAt` FROM `user` WHERE (`user`.`id` = ? AND 1=1) LIMIT ? OFFSET ?
18:52:09 [[32minfo[39m]: Get me successful {"service":"booking-app","userId":"f9c233a2-b1cd-40b2-94a4-1dee4cbcba34","userEmail":"prop-tester-121103@example.com","userRole":"USER","context":"AUTH","email":"prop-tester-121103@example.com"}
[REPOSITORY] Finding user by id: 938fc460-1a2a-4b37-82e2-1968c2987953
prisma:query SELECT `user`.`id`, `user`.`email`, `user`.`name`, `user`.`password`, `user`.`createdAt`, `user`.`role`, `user`.`updatedAt` FROM `user` WHERE (`user`.`id` = ? AND 1=1) LIMIT ? OFFSET ?
18:52:09 [[32minfo[39m]: Get me successful {"service":"booking-app","userId":"938fc460-1a2a-4b37-82e2-1968c2987953","userEmail":"login-817577@example.com","userRole":"USER","context":"AUTH","email":"login-817577@example.com"}
[VALIDATE] Validating body: {"email":"login-817577@example.com","password":"password123"}
[VALIDATE] Validation passed
18:52:09 [[32minfo[39m]: Login attempt {"service":"booking-app","context":"AUTH","email":"login-817577@example.com"}
[REPOSITORY] Finding user by email: login-817577@example.com
prisma:query SELECT `user`.`id`, `user`.`email`, `user`.`name`, `user`.`password`, `user`.`createdAt`, `user`.`role`, `user`.`updatedAt` FROM `user` WHERE (`user`.`email` = ? AND 1=1) LIMIT ? OFFSET ?
[REPOSITORY] User found: 938fc460-1a2a-4b37-82e2-1968c2987953
18:52:09 [[32minfo[39m]: Login successful {"service":"booking-app","context":"AUTH","userId":"938fc460-1a2a-4b37-82e2-1968c2987953","email":"login-817577@example.com"}
18:52:09 [[32minfo[39m]: Creating refresh token {"service":"booking-app","context":"AUTH","userId":"938fc460-1a2a-4b37-82e2-1968c2987953"}
[REFRESH_REPO] Creating refresh token for user: 938fc460-1a2a-4b37-82e2-1968c2987953
prisma:query INSERT INTO `refreshtoken` (`id`,`token`,`userId`,`expiresAt`,`createdAt`) VALUES (?,?,?,?,?)
prisma:query SELECT `refreshtoken`.`id`, `refreshtoken`.`token`, `refreshtoken`.`userId`, `refreshtoken`.`expiresAt`, `refreshtoken`.`createdAt` FROM `refreshtoken` WHERE `refreshtoken`.`id` = ? LIMIT ? OFFSET ?
prisma:query COMMIT
[REFRESH_REPO] Refresh token created: 9b0d7a6c-ddc2-4548-a572-421668974421
18:52:09 [[32minfo[39m]: Refresh token created {"service":"booking-app","context":"AUTH","userId":"938fc460-1a2a-4b37-82e2-1968c2987953"}
18:52:09 [[32minfo[39m]: Login successful {"service":"booking-app","context":"AUTH","email":"login-817577@example.com","userId":"938fc460-1a2a-4b37-82e2-1968c2987953"}
prisma:query SELECT `property`.`id`, `property`.`title`, `property`.`description`, `property`.`pricePerNight`, `property`.`address`, `property`.`imageUrl`, `property`.`ownerId`, `property`.`createdAt`, `property`.`updatedAt` FROM `property` WHERE 1=1
prisma:query SELECT `property`.`id`, `property`.`title`, `property`.`description`, `property`.`pricePerNight`, `property`.`address`, `property`.`imageUrl`, `property`.`ownerId`, `property`.`createdAt`, `property`.`updatedAt` FROM `property` WHERE 1=1
[VALIDATE] Validating body: {"name":"Booking Tester","email":"book-131142@example.com","password":"password123"}
[VALIDATE] Validation passed
18:52:10 [[32minfo[39m]: Registration attempt {"service":"booking-app","context":"AUTH","email":"book-131142@example.com"}
[REPOSITORY] Finding user by email: book-131142@example.com
prisma:query SELECT `user`.`id`, `user`.`email`, `user`.`name`, `user`.`password`, `user`.`createdAt`, `user`.`role`, `user`.`updatedAt` FROM `user` WHERE (`user`.`email` = ? AND 1=1) LIMIT ? OFFSET ?
[REPOSITORY] User not found: book-131142@example.com
[REPOSITORY] Creating user: book-131142@example.com
prisma:query INSERT INTO `user` (`id`,`email`,`name`,`password`,`createdAt`,`role`,`updatedAt`) VALUES (?,?,?,?,?,?,?)
prisma:query SELECT `user`.`id`, `user`.`email`, `user`.`name`, `user`.`password`, `user`.`createdAt`, `user`.`role`, `user`.`updatedAt` FROM `user` WHERE `user`.`id` = ? LIMIT ? OFFSET ?
prisma:query COMMIT
[REPOSITORY] User created: 09badc06-3aa9-42af-9cf8-da39ebf4f956
18:52:10 [[32minfo[39m]: User created successfully {"service":"booking-app","context":"AUTH","userId":"09badc06-3aa9-42af-9cf8-da39ebf4f956","email":"book-131142@example.com"}
18:52:10 [[32minfo[39m]: Creating refresh token {"service":"booking-app","context":"AUTH","userId":"09badc06-3aa9-42af-9cf8-da39ebf4f956"}
[REFRESH_REPO] Creating refresh token for user: 09badc06-3aa9-42af-9cf8-da39ebf4f956
prisma:query INSERT INTO `refreshtoken` (`id`,`token`,`userId`,`expiresAt`,`createdAt`) VALUES (?,?,?,?,?)
prisma:query SELECT `refreshtoken`.`id`, `refreshtoken`.`token`, `refreshtoken`.`userId`, `refreshtoken`.`expiresAt`, `refreshtoken`.`createdAt` FROM `refreshtoken` WHERE `refreshtoken`.`id` = ? LIMIT ? OFFSET ?
prisma:query COMMIT
[REFRESH_REPO] Refresh token created: bc739af9-2ba6-4160-9a89-bc5f0a36e4a5
18:52:10 [[32minfo[39m]: Refresh token created {"service":"booking-app","context":"AUTH","userId":"09badc06-3aa9-42af-9cf8-da39ebf4f956"}
18:52:10 [[32minfo[39m]: Registration successful {"service":"booking-app","context":"AUTH","email":"book-131142@example.com","userId":"09badc06-3aa9-42af-9cf8-da39ebf4f956"}
[VALIDATE] Validating body: {"name":"reg-46606","email":"reg-46606@example.com","password":"password123"}
[VALIDATE] Validation passed
18:52:10 [[32minfo[39m]: Registration attempt {"service":"booking-app","context":"AUTH","email":"reg-46606@example.com"}
[REPOSITORY] Finding user by email: reg-46606@example.com
prisma:query SELECT `user`.`id`, `user`.`email`, `user`.`name`, `user`.`password`, `user`.`createdAt`, `user`.`role`, `user`.`updatedAt` FROM `user` WHERE (`user`.`email` = ? AND 1=1) LIMIT ? OFFSET ?
[REPOSITORY] User not found: reg-46606@example.com
[REPOSITORY] Creating user: reg-46606@example.com
prisma:query INSERT INTO `user` (`id`,`email`,`name`,`password`,`createdAt`,`role`,`updatedAt`) VALUES (?,?,?,?,?,?,?)
prisma:query SELECT `user`.`id`, `user`.`email`, `user`.`name`, `user`.`password`, `user`.`createdAt`, `user`.`role`, `user`.`updatedAt` FROM `user` WHERE `user`.`id` = ? LIMIT ? OFFSET ?
prisma:query COMMIT
[REPOSITORY] User created: 54a1442d-0911-4a50-8f79-483cedb40e6d
18:52:10 [[32minfo[39m]: User created successfully {"service":"booking-app","context":"AUTH","userId":"54a1442d-0911-4a50-8f79-483cedb40e6d","email":"reg-46606@example.com"}
18:52:10 [[32minfo[39m]: Creating refresh token {"service":"booking-app","context":"AUTH","userId":"54a1442d-0911-4a50-8f79-483cedb40e6d"}
[REFRESH_REPO] Creating refresh token for user: 54a1442d-0911-4a50-8f79-483cedb40e6d
prisma:query INSERT INTO `refreshtoken` (`id`,`token`,`userId`,`expiresAt`,`createdAt`) VALUES (?,?,?,?,?)
prisma:query SELECT `refreshtoken`.`id`, `refreshtoken`.`token`, `refreshtoken`.`userId`, `refreshtoken`.`expiresAt`, `refreshtoken`.`createdAt` FROM `refreshtoken` WHERE `refreshtoken`.`id` = ? LIMIT ? OFFSET ?
prisma:query COMMIT
[REFRESH_REPO] Refresh token created: 6290796d-1eea-4656-a6fb-51bbea6acbfb
18:52:10 [[32minfo[39m]: Refresh token created {"service":"booking-app","context":"AUTH","userId":"54a1442d-0911-4a50-8f79-483cedb40e6d"}
18:52:10 [[32minfo[39m]: Registration successful {"service":"booking-app","context":"AUTH","email":"reg-46606@example.com","userId":"54a1442d-0911-4a50-8f79-483cedb40e6d"}
[VALIDATE] Validating body: {"name":"login-488673","email":"login-488673@example.com","password":"password123"}
[VALIDATE] Validation passed
18:52:11 [[32minfo[39m]: Registration attempt {"service":"booking-app","context":"AUTH","email":"login-488673@example.com"}
[REPOSITORY] Finding user by email: login-488673@example.com
prisma:query SELECT `user`.`id`, `user`.`email`, `user`.`name`, `user`.`password`, `user`.`createdAt`, `user`.`role`, `user`.`updatedAt` FROM `user` WHERE (`user`.`email` = ? AND 1=1) LIMIT ? OFFSET ?
[REPOSITORY] User not found: login-488673@example.com
[REPOSITORY] Creating user: login-488673@example.com
prisma:query INSERT INTO `user` (`id`,`email`,`name`,`password`,`createdAt`,`role`,`updatedAt`) VALUES (?,?,?,?,?,?,?)
prisma:query SELECT `user`.`id`, `user`.`email`, `user`.`name`, `user`.`password`, `user`.`createdAt`, `user`.`role`, `user`.`updatedAt` FROM `user` WHERE `user`.`id` = ? LIMIT ? OFFSET ?
prisma:query COMMIT
[REPOSITORY] User created: 4751c3b7-b376-4c2c-a233-17dd8d2d5366
18:52:11 [[32minfo[39m]: User created successfully {"service":"booking-app","context":"AUTH","userId":"4751c3b7-b376-4c2c-a233-17dd8d2d5366","email":"login-488673@example.com"}
18:52:11 [[32minfo[39m]: Creating refresh token {"service":"booking-app","context":"AUTH","userId":"4751c3b7-b376-4c2c-a233-17dd8d2d5366"}
[REFRESH_REPO] Creating refresh token for user: 4751c3b7-b376-4c2c-a233-17dd8d2d5366
prisma:query INSERT INTO `refreshtoken` (`id`,`token`,`userId`,`expiresAt`,`createdAt`) VALUES (?,?,?,?,?)
prisma:query SELECT `refreshtoken`.`id`, `refreshtoken`.`token`, `refreshtoken`.`userId`, `refreshtoken`.`expiresAt`, `refreshtoken`.`createdAt` FROM `refreshtoken` WHERE `refreshtoken`.`id` = ? LIMIT ? OFFSET ?
prisma:query COMMIT
[REFRESH_REPO] Refresh token created: b0efbe2f-fc53-4c5c-b19b-bfaf743458bf
18:52:11 [[32minfo[39m]: Refresh token created {"service":"booking-app","context":"AUTH","userId":"4751c3b7-b376-4c2c-a233-17dd8d2d5366"}
18:52:11 [[32minfo[39m]: Registration successful {"service":"booking-app","context":"AUTH","email":"login-488673@example.com","userId":"4751c3b7-b376-4c2c-a233-17dd8d2d5366"}
[REPOSITORY] Finding user by id: 4751c3b7-b376-4c2c-a233-17dd8d2d5366
prisma:query SELECT `user`.`id`, `user`.`email`, `user`.`name`, `user`.`password`, `user`.`createdAt`, `user`.`role`, `user`.`updatedAt` FROM `user` WHERE (`user`.`id` = ? AND 1=1) LIMIT ? OFFSET ?
18:52:11 [[32minfo[39m]: Get me successful {"service":"booking-app","userId":"4751c3b7-b376-4c2c-a233-17dd8d2d5366","userEmail":"login-488673@example.com","userRole":"USER","context":"AUTH","email":"login-488673@example.com"}
[VALIDATE] Validating body: {"email":"login-488673@example.com","password":"password123"}
[VALIDATE] Validation passed
18:52:11 [[32minfo[39m]: Login attempt {"service":"booking-app","context":"AUTH","email":"login-488673@example.com"}
[REPOSITORY] Finding user by email: login-488673@example.com
prisma:query SELECT `user`.`id`, `user`.`email`, `user`.`name`, `user`.`password`, `user`.`createdAt`, `user`.`role`, `user`.`updatedAt` FROM `user` WHERE (`user`.`email` = ? AND 1=1) LIMIT ? OFFSET ?
[REPOSITORY] User found: 4751c3b7-b376-4c2c-a233-17dd8d2d5366
18:52:12 [[32minfo[39m]: Login successful {"service":"booking-app","context":"AUTH","userId":"4751c3b7-b376-4c2c-a233-17dd8d2d5366","email":"login-488673@example.com"}
18:52:12 [[32minfo[39m]: Creating refresh token {"service":"booking-app","context":"AUTH","userId":"4751c3b7-b376-4c2c-a233-17dd8d2d5366"}
[REFRESH_REPO] Creating refresh token for user: 4751c3b7-b376-4c2c-a233-17dd8d2d5366
prisma:query INSERT INTO `refreshtoken` (`id`,`token`,`userId`,`expiresAt`,`createdAt`) VALUES (?,?,?,?,?)
prisma:query SELECT `refreshtoken`.`id`, `refreshtoken`.`token`, `refreshtoken`.`userId`, `refreshtoken`.`expiresAt`, `refreshtoken`.`createdAt` FROM `refreshtoken` WHERE `refreshtoken`.`id` = ? LIMIT ? OFFSET ?
prisma:query COMMIT
[REFRESH_REPO] Refresh token created: 63131c4c-28e4-4dfe-ba44-ded021bda54b
18:52:12 [[32minfo[39m]: Refresh token created {"service":"booking-app","context":"AUTH","userId":"4751c3b7-b376-4c2c-a233-17dd8d2d5366"}
18:52:12 [[32minfo[39m]: Login successful {"service":"booking-app","context":"AUTH","email":"login-488673@example.com","userId":"4751c3b7-b376-4c2c-a233-17dd8d2d5366"}
prisma:query SELECT `property`.`id`, `property`.`title`, `property`.`description`, `property`.`pricePerNight`, `property`.`address`, `property`.`imageUrl`, `property`.`ownerId`, `property`.`createdAt`, `property`.`updatedAt` FROM `property` WHERE 1=1
prisma:query SELECT `property`.`id`, `property`.`title`, `property`.`description`, `property`.`pricePerNight`, `property`.`address`, `property`.`imageUrl`, `property`.`ownerId`, `property`.`createdAt`, `property`.`updatedAt` FROM `property` WHERE 1=1
prisma:query SELECT `property`.`id`, `property`.`title`, `property`.`description`, `property`.`pricePerNight`, `property`.`address`, `property`.`imageUrl`, `property`.`ownerId`, `property`.`createdAt`, `property`.`updatedAt` FROM `property` WHERE 1=1
[VALIDATE] Validating body: {"name":"reg-721045","email":"reg-721045@example.com","password":"password123"}
[VALIDATE] Validation passed
18:52:13 [[32minfo[39m]: Registration attempt {"service":"booking-app","context":"AUTH","email":"reg-721045@example.com"}
[REPOSITORY] Finding user by email: reg-721045@example.com
prisma:query SELECT `user`.`id`, `user`.`email`, `user`.`name`, `user`.`password`, `user`.`createdAt`, `user`.`role`, `user`.`updatedAt` FROM `user` WHERE (`user`.`email` = ? AND 1=1) LIMIT ? OFFSET ?
[REPOSITORY] User not found: reg-721045@example.com
[REPOSITORY] Creating user: reg-721045@example.com
prisma:query INSERT INTO `user` (`id`,`email`,`name`,`password`,`createdAt`,`role`,`updatedAt`) VALUES (?,?,?,?,?,?,?)
prisma:query SELECT `user`.`id`, `user`.`email`, `user`.`name`, `user`.`password`, `user`.`createdAt`, `user`.`role`, `user`.`updatedAt` FROM `user` WHERE `user`.`id` = ? LIMIT ? OFFSET ?
prisma:query COMMIT
[REPOSITORY] User created: e9abb984-b3a3-418a-9f79-f8c7bc9c42c3
18:52:13 [[32minfo[39m]: User created successfully {"service":"booking-app","context":"AUTH","userId":"e9abb984-b3a3-418a-9f79-f8c7bc9c42c3","email":"reg-721045@example.com"}
18:52:13 [[32minfo[39m]: Creating refresh token {"service":"booking-app","context":"AUTH","userId":"e9abb984-b3a3-418a-9f79-f8c7bc9c42c3"}
[REFRESH_REPO] Creating refresh token for user: e9abb984-b3a3-418a-9f79-f8c7bc9c42c3
prisma:query INSERT INTO `refreshtoken` (`id`,`token`,`userId`,`expiresAt`,`createdAt`) VALUES (?,?,?,?,?)
prisma:query SELECT `refreshtoken`.`id`, `refreshtoken`.`token`, `refreshtoken`.`userId`, `refreshtoken`.`expiresAt`, `refreshtoken`.`createdAt` FROM `refreshtoken` WHERE `refreshtoken`.`id` = ? LIMIT ? OFFSET ?
prisma:query COMMIT
[REFRESH_REPO] Refresh token created: 5e2d131b-db7b-4671-b45f-c8e7c1d67d5e
18:52:13 [[32minfo[39m]: Refresh token created {"service":"booking-app","context":"AUTH","userId":"e9abb984-b3a3-418a-9f79-f8c7bc9c42c3"}
18:52:13 [[32minfo[39m]: Registration successful {"service":"booking-app","context":"AUTH","email":"reg-721045@example.com","userId":"e9abb984-b3a3-418a-9f79-f8c7bc9c42c3"}
[VALIDATE] Validating body: {"name":"Property Tester","email":"prop-tester-535022@example.com","password":"password123"}
[VALIDATE] Validation passed
18:52:13 [[32minfo[39m]: Registration attempt {"service":"booking-app","context":"AUTH","email":"prop-tester-535022@example.com"}
[REPOSITORY] Finding user by email: prop-tester-535022@example.com
prisma:query SELECT `user`.`id`, `user`.`email`, `user`.`name`, `user`.`password`, `user`.`createdAt`, `user`.`role`, `user`.`updatedAt` FROM `user` WHERE (`user`.`email` = ? AND 1=1) LIMIT ? OFFSET ?
[REPOSITORY] User not found: prop-tester-535022@example.com
[REPOSITORY] Creating user: prop-tester-535022@example.com
prisma:query INSERT INTO `user` (`id`,`email`,`name`,`password`,`createdAt`,`role`,`updatedAt`) VALUES (?,?,?,?,?,?,?)
prisma:query SELECT `user`.`id`, `user`.`email`, `user`.`name`, `user`.`password`, `user`.`createdAt`, `user`.`role`, `user`.`updatedAt` FROM `user` WHERE `user`.`id` = ? LIMIT ? OFFSET ?
prisma:query COMMIT
[REPOSITORY] User created: 156dbd1c-d9a8-4dd9-a211-9def9b6d7c0c
18:52:13 [[32minfo[39m]: User created successfully {"service":"booking-app","context":"AUTH","userId":"156dbd1c-d9a8-4dd9-a211-9def9b6d7c0c","email":"prop-tester-535022@example.com"}
18:52:13 [[32minfo[39m]: Creating refresh token {"service":"booking-app","context":"AUTH","userId":"156dbd1c-d9a8-4dd9-a211-9def9b6d7c0c"}
[REFRESH_REPO] Creating refresh token for user: 156dbd1c-d9a8-4dd9-a211-9def9b6d7c0c
prisma:query INSERT INTO `refreshtoken` (`id`,`token`,`userId`,`expiresAt`,`createdAt`) VALUES (?,?,?,?,?)
prisma:query SELECT `refreshtoken`.`id`, `refreshtoken`.`token`, `refreshtoken`.`userId`, `refreshtoken`.`expiresAt`, `refreshtoken`.`createdAt` FROM `refreshtoken` WHERE `refreshtoken`.`id` = ? LIMIT ? OFFSET ?
prisma:query COMMIT
[REFRESH_REPO] Refresh token created: 1c772d06-cb94-41bf-a118-f246304e4ac7
18:52:13 [[32minfo[39m]: Refresh token created {"service":"booking-app","context":"AUTH","userId":"156dbd1c-d9a8-4dd9-a211-9def9b6d7c0c"}
18:52:13 [[32minfo[39m]: Registration successful {"service":"booking-app","context":"AUTH","email":"prop-tester-535022@example.com","userId":"156dbd1c-d9a8-4dd9-a211-9def9b6d7c0c"}
[VALIDATE] Validating body: {"name":"login-518153","email":"login-518153@example.com","password":"password123"}
[VALIDATE] Validation passed
18:52:13 [[32minfo[39m]: Registration attempt {"service":"booking-app","context":"AUTH","email":"login-518153@example.com"}
[REPOSITORY] Finding user by email: login-518153@example.com
prisma:query SELECT `user`.`id`, `user`.`email`, `user`.`name`, `user`.`password`, `user`.`createdAt`, `user`.`role`, `user`.`updatedAt` FROM `user` WHERE (`user`.`email` = ? AND 1=1) LIMIT ? OFFSET ?
[REPOSITORY] User not found: login-518153@example.com
[REPOSITORY] Creating user: login-518153@example.com
prisma:query INSERT INTO `user` (`id`,`email`,`name`,`password`,`createdAt`,`role`,`updatedAt`) VALUES (?,?,?,?,?,?,?)
prisma:query SELECT `user`.`id`, `user`.`email`, `user`.`name`, `user`.`password`, `user`.`createdAt`, `user`.`role`, `user`.`updatedAt` FROM `user` WHERE `user`.`id` = ? LIMIT ? OFFSET ?
prisma:query COMMIT
[REPOSITORY] User created: 1f1c8ce8-679d-4ca6-83f0-03a1b92f6600
18:52:13 [[32minfo[39m]: User created successfully {"service":"booking-app","context":"AUTH","userId":"1f1c8ce8-679d-4ca6-83f0-03a1b92f6600","email":"login-518153@example.com"}
18:52:13 [[32minfo[39m]: Creating refresh token {"service":"booking-app","context":"AUTH","userId":"1f1c8ce8-679d-4ca6-83f0-03a1b92f6600"}
[REFRESH_REPO] Creating refresh token for user: 1f1c8ce8-679d-4ca6-83f0-03a1b92f6600
prisma:query INSERT INTO `refreshtoken` (`id`,`token`,`userId`,`expiresAt`,`createdAt`) VALUES (?,?,?,?,?)
prisma:query SELECT `refreshtoken`.`id`, `refreshtoken`.`token`, `refreshtoken`.`userId`, `refreshtoken`.`expiresAt`, `refreshtoken`.`createdAt` FROM `refreshtoken` WHERE `refreshtoken`.`id` = ? LIMIT ? OFFSET ?
prisma:query COMMIT
[REFRESH_REPO] Refresh token created: efd9c529-0cf4-4a2b-a2f9-9ebd0ce0681e
18:52:13 [[32minfo[39m]: Refresh token created {"service":"booking-app","context":"AUTH","userId":"1f1c8ce8-679d-4ca6-83f0-03a1b92f6600"}
18:52:13 [[32minfo[39m]: Registration successful {"service":"booking-app","context":"AUTH","email":"login-518153@example.com","userId":"1f1c8ce8-679d-4ca6-83f0-03a1b92f6600"}
prisma:query SELECT `property`.`id`, `property`.`title`, `property`.`description`, `property`.`pricePerNight`, `property`.`address`, `property`.`imageUrl`, `property`.`ownerId`, `property`.`createdAt`, `property`.`updatedAt` FROM `property` WHERE 1=1
[REPOSITORY] Finding user by id: 156dbd1c-d9a8-4dd9-a211-9def9b6d7c0c
prisma:query SELECT `user`.`id`, `user`.`email`, `user`.`name`, `user`.`password`, `user`.`createdAt`, `user`.`role`, `user`.`updatedAt` FROM `user` WHERE (`user`.`id` = ? AND 1=1) LIMIT ? OFFSET ?
18:52:14 [[32minfo[39m]: Get me successful {"service":"booking-app","userId":"156dbd1c-d9a8-4dd9-a211-9def9b6d7c0c","userEmail":"prop-tester-535022@example.com","userRole":"USER","context":"AUTH","email":"prop-tester-535022@example.com"}
[REPOSITORY] Finding user by id: 1f1c8ce8-679d-4ca6-83f0-03a1b92f6600
prisma:query SELECT `user`.`id`, `user`.`email`, `user`.`name`, `user`.`password`, `user`.`createdAt`, `user`.`role`, `user`.`updatedAt` FROM `user` WHERE (`user`.`id` = ? AND 1=1) LIMIT ? OFFSET ?
18:52:14 [[32minfo[39m]: Get me successful {"service":"booking-app","userId":"1f1c8ce8-679d-4ca6-83f0-03a1b92f6600","userEmail":"login-518153@example.com","userRole":"USER","context":"AUTH","email":"login-518153@example.com"}
[VALIDATE] Validating body: {"name":"Booking Tester","email":"book-652739@example.com","password":"password123"}
[VALIDATE] Validation passed
18:52:14 [[32minfo[39m]: Registration attempt {"service":"booking-app","context":"AUTH","email":"book-652739@example.com"}
[REPOSITORY] Finding user by email: book-652739@example.com
prisma:query SELECT `user`.`id`, `user`.`email`, `user`.`name`, `user`.`password`, `user`.`createdAt`, `user`.`role`, `user`.`updatedAt` FROM `user` WHERE (`user`.`email` = ? AND 1=1) LIMIT ? OFFSET ?
[REPOSITORY] User not found: book-652739@example.com
[REPOSITORY] Creating user: book-652739@example.com
prisma:query INSERT INTO `user` (`id`,`email`,`name`,`password`,`createdAt`,`role`,`updatedAt`) VALUES (?,?,?,?,?,?,?)
prisma:query SELECT `user`.`id`, `user`.`email`, `user`.`name`, `user`.`password`, `user`.`createdAt`, `user`.`role`, `user`.`updatedAt` FROM `user` WHERE `user`.`id` = ? LIMIT ? OFFSET ?
prisma:query COMMIT
[REPOSITORY] User created: eb081c54-19a6-4ebb-aa63-13b304e5242d
18:52:14 [[32minfo[39m]: User created successfully {"service":"booking-app","context":"AUTH","userId":"eb081c54-19a6-4ebb-aa63-13b304e5242d","email":"book-652739@example.com"}
18:52:14 [[32minfo[39m]: Creating refresh token {"service":"booking-app","context":"AUTH","userId":"eb081c54-19a6-4ebb-aa63-13b304e5242d"}
[REFRESH_REPO] Creating refresh token for user: eb081c54-19a6-4ebb-aa63-13b304e5242d
prisma:query INSERT INTO `refreshtoken` (`id`,`token`,`userId`,`expiresAt`,`createdAt`) VALUES (?,?,?,?,?)
prisma:query SELECT `refreshtoken`.`id`, `refreshtoken`.`token`, `refreshtoken`.`userId`, `refreshtoken`.`expiresAt`, `refreshtoken`.`createdAt` FROM `refreshtoken` WHERE `refreshtoken`.`id` = ? LIMIT ? OFFSET ?
prisma:query COMMIT
[REFRESH_REPO] Refresh token created: 80c19f5a-704c-4010-9ea9-a0554598ebd6
18:52:14 [[32minfo[39m]: Refresh token created {"service":"booking-app","context":"AUTH","userId":"eb081c54-19a6-4ebb-aa63-13b304e5242d"}
18:52:14 [[32minfo[39m]: Registration successful {"service":"booking-app","context":"AUTH","email":"book-652739@example.com","userId":"eb081c54-19a6-4ebb-aa63-13b304e5242d"}
[VALIDATE] Validating body: {"name":"Property Tester","email":"prop-tester-61973@example.com","password":"password123"}
[VALIDATE] Validation passed
18:52:14 [[32minfo[39m]: Registration attempt {"service":"booking-app","context":"AUTH","email":"prop-tester-61973@example.com"}
[REPOSITORY] Finding user by email: prop-tester-61973@example.com
prisma:query SELECT `user`.`id`, `user`.`email`, `user`.`name`, `user`.`password`, `user`.`createdAt`, `user`.`role`, `user`.`updatedAt` FROM `user` WHERE (`user`.`email` = ? AND 1=1) LIMIT ? OFFSET ?
[REPOSITORY] User not found: prop-tester-61973@example.com
prisma:query SELECT `property`.`id`, `property`.`title`, `property`.`description`, `property`.`pricePerNight`, `property`.`address`, `property`.`imageUrl`, `property`.`ownerId`, `property`.`createdAt`, `property`.`updatedAt` FROM `property` WHERE 1=1
[REPOSITORY] Creating user: prop-tester-61973@example.com
prisma:query INSERT INTO `user` (`id`,`email`,`name`,`password`,`createdAt`,`role`,`updatedAt`) VALUES (?,?,?,?,?,?,?)
prisma:query SELECT `user`.`id`, `user`.`email`, `user`.`name`, `user`.`password`, `user`.`createdAt`, `user`.`role`, `user`.`updatedAt` FROM `user` WHERE `user`.`id` = ? LIMIT ? OFFSET ?
prisma:query COMMIT
[REPOSITORY] User created: 76f26c62-0a37-4520-9897-0188f0cefa0f
18:52:14 [[32minfo[39m]: User created successfully {"service":"booking-app","context":"AUTH","userId":"76f26c62-0a37-4520-9897-0188f0cefa0f","email":"prop-tester-61973@example.com"}
18:52:14 [[32minfo[39m]: Creating refresh token {"service":"booking-app","context":"AUTH","userId":"76f26c62-0a37-4520-9897-0188f0cefa0f"}
[REFRESH_REPO] Creating refresh token for user: 76f26c62-0a37-4520-9897-0188f0cefa0f
prisma:query INSERT INTO `refreshtoken` (`id`,`token`,`userId`,`expiresAt`,`createdAt`) VALUES (?,?,?,?,?)
prisma:query SELECT `refreshtoken`.`id`, `refreshtoken`.`token`, `refreshtoken`.`userId`, `refreshtoken`.`expiresAt`, `refreshtoken`.`createdAt` FROM `refreshtoken` WHERE `refreshtoken`.`id` = ? LIMIT ? OFFSET ?
prisma:query COMMIT
[REFRESH_REPO] Refresh token created: 85a1442b-827f-4abc-89ee-98989d2b9acb
18:52:14 [[32minfo[39m]: Refresh token created {"service":"booking-app","context":"AUTH","userId":"76f26c62-0a37-4520-9897-0188f0cefa0f"}
18:52:14 [[32minfo[39m]: Registration successful {"service":"booking-app","context":"AUTH","email":"prop-tester-61973@example.com","userId":"76f26c62-0a37-4520-9897-0188f0cefa0f"}
[VALIDATE] Validating body: {"email":"login-518153@example.com","password":"password123"}
[VALIDATE] Validation passed
18:52:14 [[32minfo[39m]: Login attempt {"service":"booking-app","context":"AUTH","email":"login-518153@example.com"}
[REPOSITORY] Finding user by email: login-518153@example.com
prisma:query SELECT `user`.`id`, `user`.`email`, `user`.`name`, `user`.`password`, `user`.`createdAt`, `user`.`role`, `user`.`updatedAt` FROM `user` WHERE (`user`.`email` = ? AND 1=1) LIMIT ? OFFSET ?
[REPOSITORY] User found: 1f1c8ce8-679d-4ca6-83f0-03a1b92f6600
18:52:14 [[32minfo[39m]: Login successful {"service":"booking-app","context":"AUTH","userId":"1f1c8ce8-679d-4ca6-83f0-03a1b92f6600","email":"login-518153@example.com"}
18:52:14 [[32minfo[39m]: Creating refresh token {"service":"booking-app","context":"AUTH","userId":"1f1c8ce8-679d-4ca6-83f0-03a1b92f6600"}
[REFRESH_REPO] Creating refresh token for user: 1f1c8ce8-679d-4ca6-83f0-03a1b92f6600
prisma:query INSERT INTO `refreshtoken` (`id`,`token`,`userId`,`expiresAt`,`createdAt`) VALUES (?,?,?,?,?)
prisma:query SELECT `refreshtoken`.`id`, `refreshtoken`.`token`, `refreshtoken`.`userId`, `refreshtoken`.`expiresAt`, `refreshtoken`.`createdAt` FROM `refreshtoken` WHERE `refreshtoken`.`id` = ? LIMIT ? OFFSET ?
[REPOSITORY] Finding user by id: 76f26c62-0a37-4520-9897-0188f0cefa0f
prisma:query SELECT `property`.`id`, `property`.`title`, `property`.`description`, `property`.`pricePerNight`, `property`.`address`, `property`.`imageUrl`, `property`.`ownerId`, `property`.`createdAt`, `property`.`updatedAt` FROM `property` WHERE 1=1
prisma:query SELECT `user`.`id`, `user`.`email`, `user`.`name`, `user`.`password`, `user`.`createdAt`, `user`.`role`, `user`.`updatedAt` FROM `user` WHERE (`user`.`id` = ? AND 1=1) LIMIT ? OFFSET ?
18:52:15 [[32minfo[39m]: Get me successful {"service":"booking-app","userId":"76f26c62-0a37-4520-9897-0188f0cefa0f","userEmail":"prop-tester-61973@example.com","userRole":"USER","context":"AUTH","email":"prop-tester-61973@example.com"}
prisma:query COMMIT
[REFRESH_REPO] Refresh token created: 039e8887-53d7-4081-83ff-55e327607fb7
18:52:15 [[32minfo[39m]: Refresh token created {"service":"booking-app","context":"AUTH","userId":"1f1c8ce8-679d-4ca6-83f0-03a1b92f6600"}
18:52:15 [[32minfo[39m]: Login successful {"service":"booking-app","context":"AUTH","email":"login-518153@example.com","userId":"1f1c8ce8-679d-4ca6-83f0-03a1b92f6600"}
prisma:query SELECT `property`.`id`, `property`.`title`, `property`.`description`, `property`.`pricePerNight`, `property`.`address`, `property`.`imageUrl`, `property`.`ownerId`, `property`.`createdAt`, `property`.`updatedAt` FROM `property` WHERE 1=1
prisma:query SELECT `property`.`id`, `property`.`title`, `property`.`description`, `property`.`pricePerNight`, `property`.`address`, `property`.`imageUrl`, `property`.`ownerId`, `property`.`createdAt`, `property`.`updatedAt` FROM `property` WHERE 1=1
[VALIDATE] Validating body: {"name":"Property Tester","email":"prop-tester-642843@example.com","password":"password123"}
[VALIDATE] Validation passed
18:52:16 [[32minfo[39m]: Registration attempt {"service":"booking-app","context":"AUTH","email":"prop-tester-642843@example.com"}
[REPOSITORY] Finding user by email: prop-tester-642843@example.com
prisma:query SELECT `user`.`id`, `user`.`email`, `user`.`name`, `user`.`password`, `user`.`createdAt`, `user`.`role`, `user`.`updatedAt` FROM `user` WHERE (`user`.`email` = ? AND 1=1) LIMIT ? OFFSET ?
[REPOSITORY] User not found: prop-tester-642843@example.com
[REPOSITORY] Creating user: prop-tester-642843@example.com
prisma:query INSERT INTO `user` (`id`,`email`,`name`,`password`,`createdAt`,`role`,`updatedAt`) VALUES (?,?,?,?,?,?,?)
prisma:query SELECT `user`.`id`, `user`.`email`, `user`.`name`, `user`.`password`, `user`.`createdAt`, `user`.`role`, `user`.`updatedAt` FROM `user` WHERE `user`.`id` = ? LIMIT ? OFFSET ?
prisma:query COMMIT
[REPOSITORY] User created: 11457f97-4c9f-4619-88db-6df84d7db5ce
18:52:16 [[32minfo[39m]: User created successfully {"service":"booking-app","context":"AUTH","userId":"11457f97-4c9f-4619-88db-6df84d7db5ce","email":"prop-tester-642843@example.com"}
18:52:16 [[32minfo[39m]: Creating refresh token {"service":"booking-app","context":"AUTH","userId":"11457f97-4c9f-4619-88db-6df84d7db5ce"}
[REFRESH_REPO] Creating refresh token for user: 11457f97-4c9f-4619-88db-6df84d7db5ce
prisma:query INSERT INTO `refreshtoken` (`id`,`token`,`userId`,`expiresAt`,`createdAt`) VALUES (?,?,?,?,?)
prisma:query SELECT `refreshtoken`.`id`, `refreshtoken`.`token`, `refreshtoken`.`userId`, `refreshtoken`.`expiresAt`, `refreshtoken`.`createdAt` FROM `refreshtoken` WHERE `refreshtoken`.`id` = ? LIMIT ? OFFSET ?
prisma:query COMMIT
[REFRESH_REPO] Refresh token created: 6ff5a8b1-4cfb-4d77-b765-98df2a7a3d66
18:52:16 [[32minfo[39m]: Refresh token created {"service":"booking-app","context":"AUTH","userId":"11457f97-4c9f-4619-88db-6df84d7db5ce"}
18:52:16 [[32minfo[39m]: Registration successful {"service":"booking-app","context":"AUTH","email":"prop-tester-642843@example.com","userId":"11457f97-4c9f-4619-88db-6df84d7db5ce"}
[REPOSITORY] Finding user by id: 11457f97-4c9f-4619-88db-6df84d7db5ce
prisma:query SELECT `user`.`id`, `user`.`email`, `user`.`name`, `user`.`password`, `user`.`createdAt`, `user`.`role`, `user`.`updatedAt` FROM `user` WHERE (`user`.`id` = ? AND 1=1) LIMIT ? OFFSET ?
18:52:16 [[32minfo[39m]: Get me successful {"service":"booking-app","userId":"11457f97-4c9f-4619-88db-6df84d7db5ce","userEmail":"prop-tester-642843@example.com","userRole":"USER","context":"AUTH","email":"prop-tester-642843@example.com"}
prisma:query SELECT `property`.`id`, `property`.`title`, `property`.`description`, `property`.`pricePerNight`, `property`.`address`, `property`.`imageUrl`, `property`.`ownerId`, `property`.`createdAt`, `property`.`updatedAt` FROM `property` WHERE 1=1
[VALIDATE] Validating body: {"name":"Property Tester","email":"prop-tester-694126@example.com","password":"password123"}
[VALIDATE] Validation passed
18:52:16 [[32minfo[39m]: Registration attempt {"service":"booking-app","context":"AUTH","email":"prop-tester-694126@example.com"}
[REPOSITORY] Finding user by email: prop-tester-694126@example.com
prisma:query SELECT `user`.`id`, `user`.`email`, `user`.`name`, `user`.`password`, `user`.`createdAt`, `user`.`role`, `user`.`updatedAt` FROM `user` WHERE (`user`.`email` = ? AND 1=1) LIMIT ? OFFSET ?
[REPOSITORY] User not found: prop-tester-694126@example.com
[REPOSITORY] Creating user: prop-tester-694126@example.com
prisma:query INSERT INTO `user` (`id`,`email`,`name`,`password`,`createdAt`,`role`,`updatedAt`) VALUES (?,?,?,?,?,?,?)
prisma:query SELECT `user`.`id`, `user`.`email`, `user`.`name`, `user`.`password`, `user`.`createdAt`, `user`.`role`, `user`.`updatedAt` FROM `user` WHERE `user`.`id` = ? LIMIT ? OFFSET ?
prisma:query COMMIT
[REPOSITORY] User created: e76e5035-a8bd-4a7a-87a2-b5fdf91a26ab
18:52:16 [[32minfo[39m]: User created successfully {"service":"booking-app","context":"AUTH","userId":"e76e5035-a8bd-4a7a-87a2-b5fdf91a26ab","email":"prop-tester-694126@example.com"}
18:52:16 [[32minfo[39m]: Creating refresh token {"service":"booking-app","context":"AUTH","userId":"e76e5035-a8bd-4a7a-87a2-b5fdf91a26ab"}
[REFRESH_REPO] Creating refresh token for user: e76e5035-a8bd-4a7a-87a2-b5fdf91a26ab
prisma:query INSERT INTO `refreshtoken` (`id`,`token`,`userId`,`expiresAt`,`createdAt`) VALUES (?,?,?,?,?)
prisma:query SELECT `refreshtoken`.`id`, `refreshtoken`.`token`, `refreshtoken`.`userId`, `refreshtoken`.`expiresAt`, `refreshtoken`.`createdAt` FROM `refreshtoken` WHERE `refreshtoken`.`id` = ? LIMIT ? OFFSET ?
prisma:query COMMIT
[REFRESH_REPO] Refresh token created: 89c28a15-0ef1-440e-90d9-b89c340d0d82
18:52:16 [[32minfo[39m]: Refresh token created {"service":"booking-app","context":"AUTH","userId":"e76e5035-a8bd-4a7a-87a2-b5fdf91a26ab"}
18:52:16 [[32minfo[39m]: Registration successful {"service":"booking-app","context":"AUTH","email":"prop-tester-694126@example.com","userId":"e76e5035-a8bd-4a7a-87a2-b5fdf91a26ab"}
[REPOSITORY] Finding user by id: e76e5035-a8bd-4a7a-87a2-b5fdf91a26ab
prisma:query SELECT `property`.`id`, `property`.`title`, `property`.`description`, `property`.`pricePerNight`, `property`.`address`, `property`.`imageUrl`, `property`.`ownerId`, `property`.`createdAt`, `property`.`updatedAt` FROM `property` WHERE 1=1
prisma:query SELECT `user`.`id`, `user`.`email`, `user`.`name`, `user`.`password`, `user`.`createdAt`, `user`.`role`, `user`.`updatedAt` FROM `user` WHERE (`user`.`id` = ? AND 1=1) LIMIT ? OFFSET ?
18:52:16 [[32minfo[39m]: Get me successful {"service":"booking-app","userId":"e76e5035-a8bd-4a7a-87a2-b5fdf91a26ab","userEmail":"prop-tester-694126@example.com","userRole":"USER","context":"AUTH","email":"prop-tester-694126@example.com"}
18:52:17 [[32minfo[39m]: Creating property {"service":"booking-app","userId":"11457f97-4c9f-4619-88db-6df84d7db5ce","userEmail":"prop-tester-642843@example.com","userRole":"USER","context":"PROPERTY","title":"Villa-36007","ownerId":"11457f97-4c9f-4619-88db-6df84d7db5ce"}
prisma:query SELECT `property`.`id`, `property`.`title`, `property`.`description`, `property`.`pricePerNight`, `property`.`address`, `property`.`imageUrl`, `property`.`ownerId`, `property`.`createdAt`, `property`.`updatedAt` FROM `property` WHERE (`property`.`id` = ? AND 1=1) LIMIT ? OFFSET ?
prisma:query INSERT INTO `property` (`id`,`title`,`description`,`pricePerNight`,`address`,`imageUrl`,`ownerId`,`createdAt`,`updatedAt`) VALUES (?,?,?,?,?,?,?,?,?)
prisma:query SELECT `property`.`id`, `property`.`title`, `property`.`description`, `property`.`pricePerNight`, `property`.`address`, `property`.`imageUrl`, `property`.`ownerId`, `property`.`createdAt`, `property`.`updatedAt` FROM `property` WHERE `property`.`id` = ? LIMIT ? OFFSET ?
prisma:query COMMIT
18:52:17 [[32minfo[39m]: Property created successfully {"service":"booking-app","userId":"11457f97-4c9f-4619-88db-6df84d7db5ce","userEmail":"prop-tester-642843@example.com","userRole":"USER","context":"PROPERTY","propertyId":"08c3b179-776a-4e18-bde1-c07faa908a3c","title":"Villa-36007"}
18:52:17 [[32minfo[39m]: Creating property {"service":"booking-app","userId":"e76e5035-a8bd-4a7a-87a2-b5fdf91a26ab","userEmail":"prop-tester-694126@example.com","userRole":"USER","context":"PROPERTY","title":"Villa-854249","ownerId":"e76e5035-a8bd-4a7a-87a2-b5fdf91a26ab"}
prisma:query SELECT `property`.`id`, `property`.`title`, `property`.`description`, `property`.`pricePerNight`, `property`.`address`, `property`.`imageUrl`, `property`.`ownerId`, `property`.`createdAt`, `property`.`updatedAt` FROM `property` WHERE (`property`.`id` = ? AND 1=1) LIMIT ? OFFSET ?
prisma:query INSERT INTO `property` (`id`,`title`,`description`,`pricePerNight`,`address`,`imageUrl`,`ownerId`,`createdAt`,`updatedAt`) VALUES (?,?,?,?,?,?,?,?,?)
prisma:query SELECT `property`.`id`, `property`.`title`, `property`.`description`, `property`.`pricePerNight`, `property`.`address`, `property`.`imageUrl`, `property`.`ownerId`, `property`.`createdAt`, `property`.`updatedAt` FROM `property` WHERE `property`.`id` = ? LIMIT ? OFFSET ?
prisma:query COMMIT
18:52:17 [[32minfo[39m]: Property created successfully {"service":"booking-app","userId":"e76e5035-a8bd-4a7a-87a2-b5fdf91a26ab","userEmail":"prop-tester-694126@example.com","userRole":"USER","context":"PROPERTY","propertyId":"2d1d3c83-7676-45aa-b836-253cfeb9dfe6","title":"Villa-854249"}
^C